id_usuari,id_llibre,score,genere_persona,any_naixement,pref_adaptacio_peli,pref_best_seller,pref_tipus_lectura,pref_sagues,comprat,Ciència Ficció,Romàntic,Ficció,Comèdia,Històrica,Fantasia,Ciència,Creixement personal,Policiaca,Juvenil,pagines_max,Idioma
0,4,4.9,Dona,2003,Si,No,Indiferent,No,Si,1,1,1,1,1,0,0,0,0,0,350,"{'Anglès', 'Català'}"
0,16,4.85,Dona,2003,Si,No,Indiferent,No,Si,1,1,1,1,1,0,0,0,0,0,350,"{'Anglès', 'Català'}"
0,43,4.45,Dona,2003,Si,No,Indiferent,No,Si,1,1,1,1,1,0,0,0,0,0,350,"{'Anglès', 'Català'}"
0,84,4.7,Dona,2003,Si,No,Indiferent,No,Si,1,1,1,1,1,0,0,0,0,0,350,"{'Anglès', 'Català'}"
0,97,4.5,Dona,2003,Si,No,Indiferent,No,Si,1,1,1,1,1,0,0,0,0,0,350,"{'Anglès', 'Català'}"
1,45,4.6,Home,2011,Si,Si,Fluida,Si,Si,0,0,0,0,0,1,0,0,0,0,350,"{'Català'}"
1,46,4.75,Home,2011,Si,Si,Fluida,Si,Si,0,0,0,0,0,1,0,0,0,0,350,"{'Català'}"
1,3,4.85,Home,2011,Si,Si,Fluida,Si,Si,0,0,0,0,0,1,0,0,0,0,350,"{'Català'}"
2,4,4.9,Dona,2003,Si,No,Indiferent,No,Si,1,1,1,1,1,0,0,0,0,0,100000000,"{'Espanyol', 'Català'}"
2,43,4.45,Dona,2003,Si,No,Indiferent,No,Si,1,1,1,1,1,0,0,0,0,0,100000000,"{'Espanyol', 'Català'}"
3,48,4.9,Home,2003,No,No,Fluida,No,Si,0,0,0,0,1,0,0,0,0,0,250,"{'Anglès', 'Català', 'Alemany'}"
3,16,4.85,Home,2003,No,No,Fluida,No,Si,0,0,0,0,1,0,0,0,0,0,250,"{'Anglès', 'Català', 'Alemany'}"
3,47,4.0,Home,2003,No,No,Fluida,No,Si,0,0,0,0,1,0,0,0,0,0,250,"{'Anglès', 'Català', 'Alemany'}"
4,32,4.75,Dona,2003,No,Si,Indiferent,No,Si,1,0,0,1,1,0,0,0,0,0,250,"{'Català', 'Alemany'}"
5,6,4.8,Altres,1990,Si,No,Fluida,No,Si,1,0,1,0,0,0,1,0,0,0,250,"{'Espanyol'}"
5,50,4.7,Altres,1990,Si,No,Fluida,No,Si,1,0,1,0,0,0,1,0,0,0,250,"{'Espanyol'}"
6,51,4.75,Home,2005,No,No,Fluida,No,Si,0,0,0,0,1,0,1,0,0,0,250,"{'Català'}"
6,49,5.0,Home,2005,No,No,Fluida,No,Si,0,0,0,0,1,0,1,0,0,0,250,"{'Català'}"
7,52,4.5,Home,2005,Si,No,Fluida,Si,Si,0,0,1,0,0,0,0,0,0,0,150,"{'Anglès', 'Català'}"
8,57,4.7,Home,2003,Si,No,Densa,No,Si,1,0,0,0,1,0,0,0,0,0,350,"{'Espanyol', 'Anglès', 'Català'}"
8,58,4.55,Home,2003,Si,No,Densa,No,Si,1,0,0,0,1,0,0,0,0,0,350,"{'Espanyol', 'Anglès', 'Català'}"
8,56,4.75,Home,2003,Si,No,Densa,No,Si,1,0,0,0,1,0,0,0,0,0,350,"{'Espanyol', 'Anglès', 'Català'}"
8,32,4.75,Home,2003,Si,No,Densa,No,Si,1,0,0,0,1,0,0,0,0,0,350,"{'Espanyol', 'Anglès', 'Català'}"
9,9,4.5,Home,2002,No,No,Indiferent,No,Si,1,0,0,1,0,0,0,0,0,0,250,"{'Espanyol', 'Francès', 'Alemany'}"
10,30,4.7,Home,2005,Si,No,Fluida,No,Si,0,0,0,1,0,1,0,0,0,0,350,"{'Català', 'Francès'}"
10,3,4.85,Home,2005,Si,No,Fluida,No,Si,0,0,0,1,0,1,0,0,0,0,350,"{'Català', 'Francès'}"
11,11,5.0,Dona,2002,Si,No,Indiferent,Indiferent,Si,1,1,1,0,0,1,0,0,0,0,100000000,"{'Anglès', 'Espanyol'}"
11,41,4.5,Dona,2002,Si,No,Indiferent,Indiferent,Si,1,1,1,0,0,1,0,0,0,0,100000000,"{'Anglès', 'Espanyol'}"
12,53,4.75,Home,2004,Si,No,Densa,Indiferent,Si,0,0,0,0,1,0,0,1,0,0,100000000,"{'Català'}"
12,38,4.6,Home,2004,Si,No,Densa,Indiferent,Si,0,0,0,0,1,0,0,1,0,0,100000000,"{'Català'}"
12,19,4.85,Home,2004,Si,No,Densa,Indiferent,Si,0,0,0,0,1,0,0,1,0,0,100000000,"{'Català'}"
12,39,4.75,Home,2004,Si,No,Densa,Indiferent,Si,0,0,0,0,1,0,0,1,0,0,100000000,"{'Català'}"
13,25,4.7,Home,2003,Si,No,Fluida,Indiferent,Si,0,0,0,0,1,1,0,0,0,0,350,"{'Anglès'}"
13,30,4.7,Home,2003,Si,No,Fluida,Indiferent,Si,0,0,0,0,1,1,0,0,0,0,350,"{'Anglès'}"
13,3,4.85,Home,2003,Si,No,Fluida,Indiferent,Si,0,0,0,0,1,1,0,0,0,0,350,"{'Anglès'}"
14,3,4.85,Dona,2003,No,No,Indiferent,No,Si,1,0,0,0,0,1,0,0,0,0,350,"{'Anglès', 'Català', 'Francès'}"
14,33,4.99,Dona,2003,No,No,Indiferent,No,Si,1,0,0,0,0,1,0,0,0,0,350,"{'Anglès', 'Català', 'Francès'}"
15,38,4.6,Dona,2003,Si,No,Indiferent,Indiferent,Si,0,0,0,0,0,0,0,1,0,0,100000000,"{'Espanyol', 'Català'}"
16,61,4.4,Dona,2003,Si,No,Fluida,No,Si,1,0,0,0,1,0,0,0,0,0,150,"{'Anglès', 'Català'}"
16,59,4.3,Dona,2003,Si,No,Fluida,No,Si,1,0,0,0,1,0,0,0,0,0,150,"{'Anglès', 'Català'}"
16,60,4.5,Dona,2003,Si,No,Fluida,No,Si,1,0,0,0,1,0,0,0,0,0,150,"{'Anglès', 'Català'}"
17,34,4.85,Dona,2003,Si,No,Indiferent,Si,Si,1,1,0,0,0,0,0,0,1,0,100000000,"{'Espanyol', 'Francès'}"
17,62,4.75,Dona,2003,Si,No,Indiferent,Si,Si,1,1,0,0,0,0,0,0,1,0,100000000,"{'Espanyol', 'Francès'}"
17,16,4.85,Dona,2003,Si,No,Indiferent,Si,Si,1,1,0,0,0,0,0,0,1,0,100000000,"{'Espanyol', 'Francès'}"
18,16,4.85,Dona,2003,Si,Si,Indiferent,Si,Si,0,1,0,0,0,1,0,0,0,0,350,"{'Català', 'Francès'}"
18,17,4.65,Dona,2003,Si,Si,Indiferent,Si,Si,0,1,0,0,0,1,0,0,0,0,350,"{'Català', 'Francès'}"
19,68,4.65,Dona,2004,Si,No,Fluida,No,Si,1,0,0,0,0,0,0,0,1,0,350,"{'Alemany'}"
19,44,4.5,Dona,2004,Si,No,Fluida,No,Si,1,0,0,0,0,0,0,0,1,0,350,"{'Alemany'}"
19,67,4.65,Dona,2004,Si,No,Fluida,No,Si,1,0,0,0,0,0,0,0,1,0,350,"{'Alemany'}"
19,42,4.75,Dona,2004,Si,No,Fluida,No,Si,1,0,0,0,0,0,0,0,1,0,350,"{'Alemany'}"
19,41,4.5,Dona,2004,Si,No,Fluida,No,Si,1,0,0,0,0,0,0,0,1,0,350,"{'Alemany'}"
20,69,4.6,Dona,1973,Si,No,Indiferent,Indiferent,Si,0,1,0,0,1,1,0,0,1,0,250,"{'Espanyol'}"
20,71,5.0,Dona,1973,Si,No,Indiferent,Indiferent,Si,0,1,0,0,1,1,0,0,1,0,250,"{'Espanyol'}"
20,70,4.65,Dona,1973,Si,No,Indiferent,Indiferent,Si,0,1,0,0,1,1,0,0,1,0,250,"{'Espanyol'}"
20,72,4.75,Dona,1973,Si,No,Indiferent,Indiferent,Si,0,1,0,0,1,1,0,0,1,0,250,"{'Espanyol'}"
21,75,4.65,Dona,2008,Si,No,Indiferent,Si,Si,0,1,0,0,0,0,0,0,0,1,250,"{'Espanyol'}"
21,74,4.75,Dona,2008,Si,No,Indiferent,Si,Si,0,1,0,0,0,0,0,0,0,1,250,"{'Espanyol'}"
21,73,4.45,Dona,2008,Si,No,Indiferent,Si,Si,0,1,0,0,0,0,0,0,0,1,250,"{'Espanyol'}"
22,76,4.75,Dona,1978,Si,Si,Fluida,No,Si,0,1,1,0,0,0,0,0,0,0,250,"{'Català'}"
23,79,4.7,Home,2003,Si,No,Indiferent,No,Si,0,0,1,0,0,1,0,1,0,0,350,"{'Català'}"
23,23,4.1,Home,2003,Si,No,Indiferent,No,Si,0,0,1,0,0,1,0,1,0,0,350,"{'Català'}"
23,77,4.8,Home,2003,Si,No,Indiferent,No,Si,0,0,1,0,0,1,0,1,0,0,350,"{'Català'}"
24,25,4.7,Dona,1971,No,No,Densa,Indiferent,Si,1,0,0,0,1,0,0,0,0,0,100000000,"{'Espanyol', 'Català'}"
24,81,4.8,Dona,1971,No,No,Densa,Indiferent,Si,1,0,0,0,1,0,0,0,0,0,100000000,"{'Espanyol', 'Català'}"
25,44,4.5,Dona,1970,Si,No,Densa,No,Si,1,0,0,0,1,0,0,0,0,0,250,"{'Català'}"
25,9,4.5,Dona,1970,Si,No,Densa,No,Si,1,0,0,0,1,0,0,0,0,0,250,"{'Català'}"
25,82,4.8,Dona,1970,Si,No,Densa,No,Si,1,0,0,0,1,0,0,0,0,0,250,"{'Català'}"
25,17,4.65,Dona,1970,Si,No,Densa,No,Si,1,0,0,0,1,0,0,0,0,0,250,"{'Català'}"
26,80,4.3,Dona,1973,Si,No,Fluida,Si,Si,0,1,1,0,0,0,0,0,0,0,150,"{'Anglès'}"
26,3,4.85,Dona,1973,Si,No,Fluida,Si,Si,0,1,1,0,0,0,0,0,0,0,150,"{'Anglès'}"
27,19,4.85,Dona,1966,Si,No,Fluida,Indiferent,Si,1,1,0,1,1,1,0,0,1,0,250,"{'Anglès'}"
27,0,4.75,Dona,1966,Si,No,Fluida,Indiferent,Si,1,1,0,1,1,1,0,0,1,0,250,"{'Anglès'}"
28,55,4.7,Dona,1964,Si,No,Fluida,No,Si,1,0,0,1,0,0,0,0,0,0,100000000,"{'Espanyol', 'Català'}"
28,63,4.7,Dona,1964,Si,No,Fluida,No,Si,1,0,0,1,0,0,0,0,0,0,100000000,"{'Espanyol', 'Català'}"
28,54,4.4,Dona,1964,Si,No,Fluida,No,Si,1,0,0,1,0,0,0,0,0,0,100000000,"{'Espanyol', 'Català'}"
29,65,4.5,Dona,1964,Si,No,Fluida,Indiferent,Si,0,1,0,0,0,0,0,0,1,0,350,"{'Espanyol', 'Català', 'Francès'}"
29,36,4.65,Dona,1964,Si,No,Fluida,Indiferent,Si,0,1,0,0,0,0,0,0,1,0,350,"{'Espanyol', 'Català', 'Francès'}"
29,64,4.6,Dona,1964,Si,No,Fluida,Indiferent,Si,0,1,0,0,0,0,0,0,1,0,350,"{'Espanyol', 'Català', 'Francès'}"
30,90,4.6,Dona,1980,No,No,Indiferent,Indiferent,Si,1,1,0,1,0,0,0,0,1,0,350,"{'Espanyol', 'Anglès'}"
30,76,4.75,Dona,1980,No,No,Indiferent,Indiferent,Si,1,1,0,1,0,0,0,0,1,0,350,"{'Espanyol', 'Anglès'}"
30,103,4.9,Dona,1980,No,No,Indiferent,Indiferent,Si,1,1,0,1,0,0,0,0,1,0,350,"{'Espanyol', 'Anglès'}"
31,9,4.5,Dona,1964,Si,No,Indiferent,Indiferent,Si,0,0,1,0,0,0,0,0,1,0,100000000,"{'Espanyol', 'Francès'}"
31,32,4.75,Dona,1964,Si,No,Indiferent,Indiferent,Si,0,0,1,0,0,0,0,0,1,0,100000000,"{'Espanyol', 'Francès'}"
32,101,4.55,Dona,1964,Si,No,Fluida,Indiferent,Si,1,0,1,0,0,1,0,0,1,0,100000000,"{'Alemany'}"
32,100,4.65,Dona,1964,Si,No,Fluida,Indiferent,Si,1,0,1,0,0,1,0,0,1,0,100000000,"{'Alemany'}"
32,102,4.7,Dona,1964,Si,No,Fluida,Indiferent,Si,1,0,1,0,0,1,0,0,1,0,100000000,"{'Alemany'}"
32,69,4.6,Dona,1964,Si,No,Fluida,Indiferent,Si,1,0,1,0,0,1,0,0,1,0,100000000,"{'Alemany'}"
32,32,4.75,Dona,1964,Si,No,Fluida,Indiferent,Si,1,0,1,0,0,1,0,0,1,0,100000000,"{'Alemany'}"
32,78,4.65,Dona,1964,Si,No,Fluida,Indiferent,Si,1,0,1,0,0,1,0,0,1,0,100000000,"{'Alemany'}"
32,84,4.7,Dona,1964,Si,No,Fluida,Indiferent,Si,1,0,1,0,0,1,0,0,1,0,100000000,"{'Alemany'}"
33,32,4.75,Dona,1966,No,No,Fluida,Indiferent,Si,1,0,0,0,1,0,0,0,0,0,100000000,"{'Anglès', 'Espanyol'}"
33,91,4.5,Dona,1966,No,No,Fluida,Indiferent,Si,1,0,0,0,1,0,0,0,0,0,100000000,"{'Anglès', 'Espanyol'}"
33,76,4.75,Dona,1966,No,No,Fluida,Indiferent,Si,1,0,0,0,1,0,0,0,0,0,100000000,"{'Anglès', 'Espanyol'}"
33,99,4.0,Dona,1966,No,No,Fluida,Indiferent,Si,1,0,0,0,1,0,0,0,0,0,100000000,"{'Anglès', 'Espanyol'}"
33,38,4.6,Dona,1966,No,No,Fluida,Indiferent,Si,1,0,0,0,1,0,0,0,0,0,100000000,"{'Anglès', 'Espanyol'}"
33,26,4.55,Dona,1966,No,No,Fluida,Indiferent,Si,1,0,0,0,1,0,0,0,0,0,100000000,"{'Anglès', 'Espanyol'}"
34,69,4.6,Dona,1969,Si,No,Fluida,Si,Si,1,0,1,0,0,1,0,0,1,0,150,"{'Anglès', 'Català'}"
34,83,4.6,Dona,1969,Si,No,Fluida,Si,Si,1,0,1,0,0,1,0,0,1,0,150,"{'Anglès', 'Català'}"
35,15,4.65,Dona,1973,Si,No,Densa,Indiferent,Si,0,1,0,0,1,0,0,0,0,0,350,"{'Català'}"
35,32,4.75,Dona,1973,Si,No,Densa,Indiferent,Si,0,1,0,0,1,0,0,0,0,0,350,"{'Català'}"
36,84,4.7,Dona,1974,No,No,Indiferent,Si,Si,0,0,0,0,1,0,0,0,1,0,100000000,"{'Espanyol', 'Anglès'}"
36,60,4.5,Dona,1974,No,No,Indiferent,Si,Si,0,0,0,0,1,0,0,0,1,0,100000000,"{'Espanyol', 'Anglès'}"
36,85,4.6,Dona,1974,No,No,Indiferent,Si,Si,0,0,0,0,1,0,0,0,1,0,100000000,"{'Espanyol', 'Anglès'}"
37,86,4.75,Dona,1971,Si,No,Densa,Indiferent,Si,0,0,0,0,1,0,0,0,0,0,350,"{'Català'}"
38,69,4.6,Dona,1969,Si,No,Indiferent,No,Si,0,0,0,0,1,0,0,0,1,0,100000000,"{'Espanyol'}"
38,9,4.5,Dona,1969,Si,No,Indiferent,No,Si,0,0,0,0,1,0,0,0,1,0,100000000,"{'Espanyol'}"
38,16,4.85,Dona,1969,Si,No,Indiferent,No,Si,0,0,0,0,1,0,0,0,1,0,100000000,"{'Espanyol'}"
38,22,4.8,Dona,1969,Si,No,Indiferent,No,Si,0,0,0,0,1,0,0,0,1,0,100000000,"{'Espanyol'}"
38,17,4.65,Dona,1969,Si,No,Indiferent,No,Si,0,0,0,0,1,0,0,0,1,0,100000000,"{'Espanyol'}"
39,3,4.85,Dona,1971,Si,No,Fluida,No,Si,0,0,0,0,0,1,0,0,0,0,150,"{'Català'}"
40,26,4.55,Dona,1973,No,No,Fluida,No,Si,0,0,0,1,0,0,0,0,1,0,350,"{'Català', 'Francès'}"
41,42,4.75,Dona,1976,Si,Si,Fluida,No,Si,1,0,0,0,0,0,0,0,1,0,350,"{'Català'}"
41,87,4.75,Dona,1976,Si,Si,Fluida,No,Si,1,0,0,0,0,0,0,0,1,0,350,"{'Català'}"
41,26,4.55,Dona,1976,Si,Si,Fluida,No,Si,1,0,0,0,0,0,0,0,1,0,350,"{'Català'}"
41,3,4.85,Dona,1976,Si,Si,Fluida,No,Si,1,0,0,0,0,0,0,0,1,0,350,"{'Català'}"
42,88,4.65,Dona,1978,Si,No,Densa,No,Si,1,0,0,0,1,0,0,0,0,0,100000000,"{'Francès'}"
42,89,4.5,Dona,1978,Si,No,Densa,No,Si,1,0,0,0,1,0,0,0,0,0,100000000,"{'Francès'}"
43,9,4.5,Home,2003,Si,No,Fluida,No,Si,0,0,0,0,1,0,0,0,0,0,150,"{'Espanyol', 'Francès'}"
44,98,4.65,Dona,1963,Si,No,Indiferent,Indiferent,Si,1,0,0,0,1,0,0,0,1,0,100000000,"{'Espanyol', 'Català', 'Francès'}"
44,92,4.35,Dona,1963,Si,No,Indiferent,Indiferent,Si,1,0,0,0,1,0,0,0,1,0,100000000,"{'Espanyol', 'Català', 'Francès'}"
44,91,4.5,Dona,1963,Si,No,Indiferent,Indiferent,Si,1,0,0,0,1,0,0,0,1,0,100000000,"{'Espanyol', 'Català', 'Francès'}"
44,78,4.65,Dona,1963,Si,No,Indiferent,Indiferent,Si,1,0,0,0,1,0,0,0,1,0,100000000,"{'Espanyol', 'Català', 'Francès'}"
44,90,4.6,Dona,1963,Si,No,Indiferent,Indiferent,Si,1,0,0,0,1,0,0,0,1,0,100000000,"{'Espanyol', 'Català', 'Francès'}"
45,40,4.75,Dona,1971,Si,No,Fluida,No,Si,1,0,0,0,1,0,0,0,0,0,250,"{'Anglès'}"
45,93,4.55,Dona,1971,Si,No,Fluida,No,Si,1,0,0,0,1,0,0,0,0,0,250,"{'Anglès'}"
45,9,4.5,Dona,1971,Si,No,Fluida,No,Si,1,0,0,0,1,0,0,0,0,0,250,"{'Anglès'}"
45,49,5.0,Dona,1971,Si,No,Fluida,No,Si,1,0,0,0,1,0,0,0,0,0,250,"{'Anglès'}"
46,22,4.8,Dona,2002,Si,No,Indiferent,Indiferent,Si,0,0,0,0,0,0,0,0,1,0,350,"{'Anglès'}"
46,106,4.6,Dona,2002,Si,No,Indiferent,Indiferent,Si,0,0,0,0,0,0,0,0,1,0,350,"{'Anglès'}"
46,105,4.65,Dona,2002,Si,No,Indiferent,Indiferent,Si,0,0,0,0,0,0,0,0,1,0,350,"{'Anglès'}"
46,104,4.5,Dona,2002,Si,No,Indiferent,Indiferent,Si,0,0,0,0,0,0,0,0,1,0,350,"{'Anglès'}"
47,40,4.75,Dona,1967,No,No,Fluida,No,Si,1,0,0,1,0,0,0,0,1,0,250,"{'Espanyol'}"
47,25,4.7,Dona,1967,No,No,Fluida,No,Si,1,0,0,1,0,0,0,0,1,0,250,"{'Espanyol'}"
47,98,4.65,Dona,1967,No,No,Fluida,No,Si,1,0,0,1,0,0,0,0,1,0,250,"{'Espanyol'}"
47,1,4.85,Dona,1967,No,No,Fluida,No,Si,1,0,0,1,0,0,0,0,1,0,250,"{'Espanyol'}"
47,95,4.55,Dona,1967,No,No,Fluida,No,Si,1,0,0,1,0,0,0,0,1,0,250,"{'Espanyol'}"
47,72,4.75,Dona,1967,No,No,Fluida,No,Si,1,0,0,1,0,0,0,0,1,0,250,"{'Espanyol'}"
48,96,4.5,Dona,2003,No,No,Indiferent,Si,Si,1,1,0,0,0,0,0,0,0,0,100000000,"{'Espanyol'}"
48,97,4.5,Dona,2003,No,No,Indiferent,Si,Si,1,1,0,0,0,0,0,0,0,0,100000000,"{'Espanyol'}"
49,25,4.7,Dona,2003,Si,No,Fluida,Si,Si,1,1,0,0,0,0,0,0,0,0,150,"{'Anglès'}"
49,55,4.7,Dona,2003,Si,No,Fluida,Si,Si,1,1,0,0,0,0,0,0,0,0,150,"{'Anglès'}"
50,66,4.65,Dona,2003,Si,No,Densa,Indiferent,Si,0,1,1,1,1,0,0,0,0,0,350,"{'Espanyol', 'Francès'}"
50,43,4.45,Dona,2003,Si,No,Densa,Indiferent,Si,0,1,1,1,1,0,0,0,0,0,350,"{'Espanyol', 'Francès'}"
51,38,4.6,Home,1998,No,No,Fluida,Indiferent,Si,0,0,0,0,0,0,0,1,0,0,150,"{'Espanyol', 'Català'}"
51,94,4.5,Home,1998,No,No,Fluida,Indiferent,Si,0,0,0,0,0,0,0,1,0,0,150,"{'Espanyol', 'Català'}"
51,39,4.75,Home,1998,No,No,Fluida,Indiferent,Si,0,0,0,0,0,0,0,1,0,0,150,"{'Espanyol', 'Català'}"
52,5,4.0,Home,1970,Si,Si,Fluida,No,Si,1,0,0,1,0,1,0,1,0,1,350,"{'Anglès', 'Català'}"
52,38,4.9,Home,1970,Si,Si,Fluida,No,Si,1,0,0,1,0,1,0,1,1,0,350,"{'Anglès', 'Català'}"
52,106,5.0,Home,1970,Si,Si,Fluida,No,Si,1,0,0,1,0,1,0,1,1,0,350,"{'Anglès', 'Català'}"
53,32,4.75,Dona,1952,Si,Si,Fluida,No,No,1,0,0,0,0,0,0,0,0,0,150,"{'Espanyol', 'Català'}"
53,67,3.8,Dona,1952,Si,Si,Fluida,No,No,1,0,0,0,0,0,0,0,0,0,150,"{'Espanyol', 'Català'}"
53,71,5.0,Dona,1952,Si,Si,Fluida,No,No,1,0,0,0,0,0,0,0,0,0,150,"{'Espanyol', 'Català'}"
53,83,4.6,Dona,1952,Si,Si,Fluida,No,No,1,0,0,0,0,0,0,0,0,0,150,"{'Espanyol', 'Català'}"
54,21,4.85,Home,2000,Si,Si,Fluida,Si,Si,1,0,0,1,0,1,1,1,1,0,100000000,"{'Espanyol'}"
54,34,4.85,Home,2000,Si,Si,Fluida,Si,Si,1,0,0,1,0,1,1,1,1,0,100000000,"{'Espanyol'}"
54,50,4.7,Home,2000,Si,Si,Fluida,Si,Si,1,0,0,1,0,1,1,1,1,0,100000000,"{'Espanyol'}"
54,103,3.5,Home,2000,Si,Si,Fluida,Si,Si,1,0,0,1,0,1,1,1,1,0,100000000,"{'Espanyol'}"
55,22,4.8,Dona,1969,No,No,Fluida,Si,Si,1,1,0,0,0,1,0,0,1,0,250,"{'Espanyol', 'Català', 'Francès'}"
55,63,4.7,Dona,1969,No,No,Fluida,Si,Si,1,1,0,0,0,1,0,0,1,0,250,"{'Espanyol', 'Català', 'Francès'}"
55,73,4.45,Dona,1969,No,No,Fluida,Si,Si,1,1,0,0,0,1,0,0,1,0,250,"{'Espanyol', 'Català', 'Francès'}"
55,79,4.7,Dona,1969,No,No,Fluida,Si,Si,1,1,0,0,0,1,0,0,1,0,250,"{'Espanyol', 'Català', 'Francès'}"
56,15,4.65,Home,2004,No,No,Indiferent,Si,Si,1,1,0,1,0,0,0,1,0,1,250,"{'Espanyol', 'Català', 'Francès'}"
56,21,4.85,Home,2004,No,No,Indiferent,Si,Si,1,1,0,1,0,0,0,1,0,1,250,"{'Espanyol', 'Català', 'Francès'}"
56,72,3.8,Home,2004,No,No,Indiferent,Si,Si,1,1,0,1,0,0,0,1,0,1,250,"{'Espanyol', 'Català', 'Francès'}"
56,85,4.6,Home,2004,No,No,Indiferent,Si,Si,1,1,0,1,0,0,0,1,0,1,250,"{'Espanyol', 'Català', 'Francès'}"
57,0,4.75,Dona,1980,No,No,Fluida,No,No,0,0,0,1,1,1,0,0,1,0,250,"{'Català', 'Alemany'}"
57,8,4.5,Dona,1980,No,No,Fluida,No,No,0,0,0,1,1,1,0,0,1,0,250,"{'Català', 'Alemany'}"
57,16,4.85,Dona,1980,No,No,Fluida,No,No,0,0,0,1,1,1,0,0,1,0,250,"{'Català', 'Alemany'}"
57,22,4.8,Dona,1980,No,No,Fluida,No,No,0,0,0,1,1,1,0,0,1,0,250,"{'Català', 'Alemany'}"
57,54,4.4,Dona,1980,No,No,Fluida,No,No,0,0,0,1,1,1,0,0,1,0,250,"{'Català', 'Alemany'}"
58,12,4.5,Dona,1943,No,No,Fluida,Indiferent,Si,0,0,0,0,0,0,0,0,1,0,100000000,"{'Espanyol'}"
58,56,3,Dona,1943,No,No,Fluida,Indiferent,Si,0,0,0,0,0,0,0,0,1,0,100000000,"{'Espanyol'}"
58,65,4.5,Dona,1943,No,No,Fluida,Indiferent,Si,0,0,0,0,0,0,0,0,1,0,100000000,"{'Espanyol'}"
58,74,4.75,Dona,1943,No,No,Fluida,Indiferent,Si,0,0,0,0,0,0,0,0,1,0,100000000,"{'Espanyol'}"
58,105,4.65,Dona,1943,No,No,Fluida,Indiferent,Si,0,0,0,0,0,0,0,0,1,0,100000000,"{'Espanyol'}"
59,17,4.65,Dona,2000,Indiferent,Indiferent,Indiferent,No,No,1,1,0,1,0,0,0,0,0,1,350,"{'Anglès', 'Català', 'Alemany'}"
59,37,4.6,Dona,2000,Indiferent,Indiferent,Indiferent,No,No,1,1,0,1,0,0,0,0,0,1,350,"{'Anglès', 'Català', 'Alemany'}"
59,56,4.75,Dona,2000,Indiferent,Indiferent,Indiferent,No,No,1,1,0,1,0,0,0,0,0,1,350,"{'Anglès', 'Català', 'Alemany'}"
59,63,4.7,Dona,2000,Indiferent,Indiferent,Indiferent,No,No,1,1,0,1,0,0,0,0,0,1,350,"{'Anglès', 'Català', 'Alemany'}"
59,98,4.65,Dona,2000,Indiferent,Indiferent,Indiferent,No,No,1,1,0,1,0,0,0,0,0,1,350,"{'Anglès', 'Català', 'Alemany'}"
60,43,4.45,Dona,2002,No,No,Indiferent,No,Si,1,1,0,1,0,0,0,0,0,0,350,"{'Anglès'}"
60,66,4.65,Dona,2002,No,No,Indiferent,No,Si,1,1,0,1,0,0,0,0,0,0,350,"{'Anglès'}"
60,69,4.6,Dona,2002,No,No,Indiferent,No,Si,1,1,0,1,0,0,0,0,0,0,350,"{'Anglès'}"
60,88,4.65,Dona,2002,No,No,Indiferent,No,Si,1,1,0,1,0,0,0,0,0,0,350,"{'Anglès'}"
60,95,4.55,Dona,2002,No,No,Indiferent,No,Si,1,1,0,1,0,0,0,0,0,0,350,"{'Anglès'}"
61,15,4.65,Dona,1948,No,No,Fluida,No,No,1,1,0,1,0,0,1,0,0,0,100000000,"{'Anglès', 'Català', 'Francès'}"
61,44,4.5,Dona,1948,No,No,Fluida,No,No,1,1,0,1,0,0,1,0,0,0,100000000,"{'Anglès', 'Català', 'Francès'}"
61,53,4.75,Dona,1948,No,No,Fluida,No,No,1,1,0,1,0,0,1,0,0,0,100000000,"{'Anglès', 'Català', 'Francès'}"
61,59,4,Dona,1948,No,No,Fluida,No,No,1,1,0,1,0,0,1,0,0,0,100000000,"{'Anglès', 'Català', 'Francès'}"
61,103,4.9,Dona,1948,No,No,Fluida,No,No,1,1,0,1,0,0,1,0,0,0,100000000,"{'Anglès', 'Català', 'Francès'}"
62,2,4.7,Home,2004,No,Si,Fluida,Si,Si,0,0,0,1,1,0,1,1,0,0,350,"{'Espanyol'}"
62,16,4.85,Home,2004,No,Si,Fluida,Si,Si,0,0,0,1,1,0,1,1,0,0,350,"{'Espanyol'}"
62,36,4.65,Home,2004,No,Si,Fluida,Si,Si,0,0,0,1,1,0,1,1,0,0,350,"{'Espanyol'}"
62,55,4.7,Home,2004,No,Si,Fluida,Si,Si,0,0,0,1,1,0,1,1,0,0,350,"{'Espanyol'}"
62,82,4.8,Home,2004,No,Si,Fluida,Si,Si,0,0,0,1,1,0,1,1,0,0,350,"{'Espanyol'}"
63,27,4.75,Dona,1965,No,No,Fluida,Si,Si,0,0,0,0,1,0,1,1,1,0,350,"{'Espanyol', 'Francès', 'Alemany'}"
63,32,4.75,Dona,1965,No,No,Fluida,Si,Si,0,0,0,0,1,0,1,1,1,0,350,"{'Espanyol', 'Francès', 'Alemany'}"
63,39,4.75,Dona,1965,No,No,Fluida,Si,Si,0,0,0,0,1,0,1,1,1,0,350,"{'Espanyol', 'Francès', 'Alemany'}"
63,77,4.8,Dona,1965,No,No,Fluida,Si,Si,0,0,0,0,1,0,1,1,1,0,350,"{'Espanyol', 'Francès', 'Alemany'}"
63,80,4.3,Dona,1965,No,No,Fluida,Si,Si,0,0,0,0,1,0,1,1,1,0,350,"{'Espanyol', 'Francès', 'Alemany'}"
64,10,4.9,Home,1948,No,No,Fluida,No,Si,0,1,1,0,1,0,1,0,1,0,150,"{'Anglès', 'Català', 'Alemany'}"
64,29,4.75,Home,1948,No,No,Fluida,No,Si,0,1,1,0,1,0,1,0,1,0,150,"{'Anglès', 'Català', 'Alemany'}"
64,38,4.6,Home,1948,No,No,Fluida,No,Si,0,1,1,0,1,0,1,0,1,0,150,"{'Anglès', 'Català', 'Alemany'}"
64,48,4.9,Home,1948,No,No,Fluida,No,Si,0,1,1,0,1,0,1,0,1,0,150,"{'Anglès', 'Català', 'Alemany'}"
64,90,4.6,Home,1948,No,No,Fluida,No,Si,0,1,1,0,1,0,1,0,1,0,150,"{'Anglès', 'Català', 'Alemany'}"
65,4,4.9,Dona,1955,Si,No,Fluida,No,No,0,1,1,1,0,0,1,0,0,0,350,"{'Espanyol', 'Anglès'}"
65,12,4.5,Dona,1955,Si,No,Fluida,No,No,0,1,1,1,0,0,1,0,0,0,350,"{'Espanyol', 'Anglès'}"
65,35,4.85,Dona,1955,Si,No,Fluida,No,No,0,1,1,1,0,0,1,0,0,0,350,"{'Espanyol', 'Anglès'}"
65,50,4.7,Dona,1955,Si,No,Fluida,No,No,0,1,1,1,0,0,1,0,0,0,350,"{'Espanyol', 'Anglès'}"
65,104,4.5,Dona,1955,Si,No,Fluida,No,No,0,1,1,1,0,0,1,0,0,0,350,"{'Espanyol', 'Anglès'}"
66,0,4.75,Home,1999,Si,Si,Fluida,Si,No,1,0,0,0,1,0,1,1,0,0,250,"{'Anglès', 'Català', 'Francès'}"
66,8,4.5,Home,1999,Si,Si,Fluida,Si,No,1,0,0,0,1,0,1,1,0,0,250,"{'Anglès', 'Català', 'Francès'}"
66,14,4.8,Home,1999,Si,Si,Fluida,Si,No,1,0,0,0,1,0,1,1,0,0,250,"{'Anglès', 'Català', 'Francès'}"
66,41,4.5,Home,1999,Si,Si,Fluida,Si,No,1,0,0,0,1,0,1,1,0,0,250,"{'Anglès', 'Català', 'Francès'}"
66,47,4.0,Home,1999,Si,Si,Fluida,Si,No,1,0,0,0,1,0,1,1,0,0,250,"{'Anglès', 'Català', 'Francès'}"
67,54,4.4,Dona,1957,No,Si,Fluida,No,Si,1,1,1,0,0,1,0,1,1,0,350,"{'Alemany'}"
67,56,4.75,Dona,1957,No,Si,Fluida,No,Si,1,1,1,0,0,1,0,1,1,0,350,"{'Alemany'}"
67,66,4.65,Dona,1957,No,Si,Fluida,No,Si,1,1,1,0,0,1,0,1,1,0,350,"{'Alemany'}"
67,71,5.0,Dona,1957,No,Si,Fluida,No,Si,1,1,1,0,0,1,0,1,1,0,350,"{'Alemany'}"
67,99,4.0,Dona,1957,No,Si,Fluida,No,Si,1,1,1,0,0,1,0,1,1,0,350,"{'Alemany'}"
68,15,4.65,Home,1989,Si,Si,Fluida,No,Si,0,1,1,1,0,0,1,0,0,1,250,"{'Espanyol', 'Català', 'Francès'}"
68,58,4.55,Home,1989,Si,Si,Fluida,No,Si,0,1,1,1,0,0,1,0,0,1,250,"{'Espanyol', 'Català', 'Francès'}"
68,60,4.5,Home,1989,Si,Si,Fluida,No,Si,0,1,1,1,0,0,1,0,0,1,250,"{'Espanyol', 'Català', 'Francès'}"
68,67,4.65,Home,1989,Si,Si,Fluida,No,Si,0,1,1,1,0,0,1,0,0,1,250,"{'Espanyol', 'Català', 'Francès'}"
68,99,4.0,Home,1989,Si,Si,Fluida,No,Si,0,1,1,1,0,0,1,0,0,1,250,"{'Espanyol', 'Català', 'Francès'}"
69,43,4.45,Dona,1963,Si,No,Fluida,Si,No,0,1,0,0,0,0,1,0,1,1,100000000,"{'Espanyol', 'Francès', 'Alemany'}"
69,57,4.7,Dona,1963,Si,No,Fluida,Si,No,0,1,0,0,0,0,1,0,1,1,100000000,"{'Espanyol', 'Francès', 'Alemany'}"
69,71,5.0,Dona,1963,Si,No,Fluida,Si,No,0,1,0,0,0,0,1,0,1,1,100000000,"{'Espanyol', 'Francès', 'Alemany'}"
69,80,4.3,Dona,1963,Si,No,Fluida,Si,No,0,1,0,0,0,0,1,0,1,1,100000000,"{'Espanyol', 'Francès', 'Alemany'}"
69,103,4.9,Dona,1963,Si,No,Fluida,Si,No,0,1,0,0,0,0,1,0,1,1,100000000,"{'Espanyol', 'Francès', 'Alemany'}"
70,5,4.85,Home,1996,Si,Si,Fluida,Si,Si,1,1,1,1,1,1,1,1,1,1,350,"{'Espanyol', 'Català'}"
70,16,4.85,Home,1996,Si,Si,Fluida,Si,Si,1,1,1,1,1,1,1,1,1,1,350,"{'Espanyol', 'Català'}"
70,28,4.65,Home,1996,Si,Si,Fluida,Si,Si,1,1,1,1,1,1,1,1,1,1,350,"{'Espanyol', 'Català'}"
70,45,4.6,Home,1996,Si,Si,Fluida,Si,Si,1,1,1,1,1,1,1,1,1,1,350,"{'Espanyol', 'Català'}"
70,101,4.55,Home,1996,Si,Si,Fluida,Si,Si,1,1,1,1,1,1,1,1,1,1,350,"{'Espanyol', 'Català'}"
71,32,4.75,Dona,2004,No,No,Fluida,Si,No,0,1,0,1,1,1,0,0,1,1,250,"{'Anglès'}"
71,36,4.65,Dona,2004,No,No,Fluida,Si,No,0,1,0,1,1,1,0,0,1,1,250,"{'Anglès'}"
71,81,4.8,Dona,2004,No,No,Fluida,Si,No,0,1,0,1,1,1,0,0,1,1,250,"{'Anglès'}"
71,95,4.55,Dona,2004,No,No,Fluida,Si,No,0,1,0,1,1,1,0,0,1,1,250,"{'Anglès'}"
71,105,4.65,Dona,2004,No,No,Fluida,Si,No,0,1,0,1,1,1,0,0,1,1,250,"{'Anglès'}"
72,14,4.8,Home,1968,No,Si,Fluida,No,Si,0,1,0,0,0,1,1,1,1,0,250,"{'Espanyol', 'Català'}"
72,19,4.85,Home,1968,No,Si,Fluida,No,Si,0,1,0,0,0,1,1,1,1,0,250,"{'Espanyol', 'Català'}"
72,61,4.4,Home,1968,No,Si,Fluida,No,Si,0,1,0,0,0,1,1,1,1,0,250,"{'Espanyol', 'Català'}"
72,73,4.45,Home,1968,No,Si,Fluida,No,Si,0,1,0,0,0,1,1,1,1,0,250,"{'Espanyol', 'Català'}"
72,101,4.55,Home,1968,No,Si,Fluida,No,Si,0,1,0,0,0,1,1,1,1,0,250,"{'Espanyol', 'Català'}"
73,24,4.85,Dona,1963,No,No,Fluida,Si,Si,1,0,1,1,0,1,0,1,0,1,350,"{'Català', 'Alemany'}"
73,30,4.7,Dona,1963,No,No,Fluida,Si,Si,1,0,1,1,0,1,0,1,0,1,350,"{'Català', 'Alemany'}"
73,50,4.7,Dona,1963,No,No,Fluida,Si,Si,1,0,1,1,0,1,0,1,0,1,350,"{'Català', 'Alemany'}"
73,51,4.75,Dona,1963,No,No,Fluida,Si,Si,1,0,1,1,0,1,0,1,0,1,350,"{'Català', 'Alemany'}"
73,89,4.5,Dona,1963,No,No,Fluida,Si,Si,1,0,1,1,0,1,0,1,0,1,350,"{'Català', 'Alemany'}"
74,27,4.75,Home,1960,No,No,Fluida,Si,Si,1,1,0,0,0,0,1,1,1,0,150,"{'Espanyol'}"
74,32,4.75,Home,1960,No,No,Fluida,Si,Si,1,1,0,0,0,0,1,1,1,0,150,"{'Espanyol'}"
74,55,4.7,Home,1960,No,No,Fluida,Si,Si,1,1,0,0,0,0,1,1,1,0,150,"{'Espanyol'}"
74,87,4.75,Home,1960,No,No,Fluida,Si,Si,1,1,0,0,0,0,1,1,1,0,150,"{'Espanyol'}"
74,90,4.6,Home,1960,No,No,Fluida,Si,Si,1,1,0,0,0,0,1,1,1,0,150,"{'Espanyol'}"
75,21,4.85,Dona,1964,Si,Si,Fluida,Si,Si,1,0,1,0,1,1,0,1,0,0,100000000,"{'Espanyol'}"
75,23,4.1,Dona,1964,Si,Si,Fluida,Si,Si,1,0,1,0,1,1,0,1,0,0,100000000,"{'Espanyol'}"
75,26,4.55,Dona,1964,Si,Si,Fluida,Si,Si,1,0,1,0,1,1,0,1,0,0,100000000,"{'Espanyol'}"
75,71,5.0,Dona,1964,Si,Si,Fluida,Si,Si,1,0,1,0,1,1,0,1,0,0,100000000,"{'Espanyol'}"
75,84,4.7,Dona,1964,Si,Si,Fluida,Si,Si,1,0,1,0,1,1,0,1,0,0,100000000,"{'Espanyol'}"
76,32,4.75,Home,1990,Si,Si,Fluida,Si,Si,0,1,0,0,1,1,0,0,1,0,100000000,"{'Espanyol', 'Anglès'}"
76,47,4.0,Home,1990,Si,Si,Fluida,Si,Si,0,1,0,0,1,1,0,0,1,0,100000000,"{'Espanyol', 'Anglès'}"
76,49,5.0,Home,1990,Si,Si,Fluida,Si,Si,0,1,0,0,1,1,0,0,1,0,100000000,"{'Espanyol', 'Anglès'}"
76,70,4.65,Home,1990,Si,Si,Fluida,Si,Si,0,1,0,0,1,1,0,0,1,0,100000000,"{'Espanyol', 'Anglès'}"
76,106,4.6,Home,1990,Si,Si,Fluida,Si,Si,0,1,0,0,1,1,0,0,1,0,100000000,"{'Espanyol', 'Anglès'}"
77,13,4.65,Dona,1984,No,Si,Fluida,Si,No,1,1,1,0,0,0,0,1,0,0,250,"{'Espanyol', 'Francès'}"
77,69,4.6,Dona,1984,No,Si,Fluida,Si,No,1,1,1,0,0,0,0,1,0,0,250,"{'Espanyol', 'Francès'}"
77,74,4.75,Dona,1984,No,Si,Fluida,Si,No,1,1,1,0,0,0,0,1,0,0,250,"{'Espanyol', 'Francès'}"
77,82,4.8,Dona,1984,No,Si,Fluida,Si,No,1,1,1,0,0,0,0,1,0,0,250,"{'Espanyol', 'Francès'}"
77,83,4.6,Dona,1984,No,Si,Fluida,Si,No,1,1,1,0,0,0,0,1,0,0,250,"{'Espanyol', 'Francès'}"
78,54,4.4,Home,1998,No,Si,Fluida,Si,No,1,1,1,0,0,0,0,1,1,1,350,"{'Anglès', 'Català', 'Alemany'}"
78,56,4.75,Home,1998,No,Si,Fluida,Si,No,1,1,1,0,0,0,0,1,1,1,350,"{'Anglès', 'Català', 'Alemany'}"
78,58,4.55,Home,1998,No,Si,Fluida,Si,No,1,1,1,0,0,0,0,1,1,1,350,"{'Anglès', 'Català', 'Alemany'}"
78,59,4.3,Home,1998,No,Si,Fluida,Si,No,1,1,1,0,0,0,0,1,1,1,350,"{'Anglès', 'Català', 'Alemany'}"
78,85,4.6,Home,1998,No,Si,Fluida,Si,No,1,1,1,0,0,0,0,1,1,1,350,"{'Anglès', 'Català', 'Alemany'}"
79,16,4.85,Dona,1961,Si,Si,Fluida,No,No,0,0,1,1,1,0,0,1,0,0,250,"{'Espanyol', 'Francès', 'Alemany'}"
79,52,4.5,Dona,1961,Si,Si,Fluida,No,No,0,0,1,1,1,0,0,1,0,0,250,"{'Espanyol', 'Francès', 'Alemany'}"
79,80,4.3,Dona,1961,Si,Si,Fluida,No,No,0,0,1,1,1,0,0,1,0,0,250,"{'Espanyol', 'Francès', 'Alemany'}"
79,84,4.7,Dona,1961,Si,Si,Fluida,No,No,0,0,1,1,1,0,0,1,0,0,250,"{'Espanyol', 'Francès', 'Alemany'}"
79,99,4.0,Dona,1961,Si,Si,Fluida,No,No,0,0,1,1,1,0,0,1,0,0,250,"{'Espanyol', 'Francès', 'Alemany'}"
80,27,4.75,Home,1960,No,No,Fluida,Si,No,1,0,1,1,1,0,1,0,1,0,100000000,"{'Espanyol', 'Francès'}"
80,34,4.85,Home,1960,No,No,Fluida,Si,No,1,0,1,1,1,0,1,0,1,0,100000000,"{'Espanyol', 'Francès'}"
80,62,4.75,Home,1960,No,No,Fluida,Si,No,1,0,1,1,1,0,1,0,1,0,100000000,"{'Espanyol', 'Francès'}"
80,72,4.75,Home,1960,No,No,Fluida,Si,No,1,0,1,1,1,0,1,0,1,0,100000000,"{'Espanyol', 'Francès'}"
80,102,4.7,Home,1960,No,No,Fluida,Si,No,1,0,1,1,1,0,1,0,1,0,100000000,"{'Espanyol', 'Francès'}"
81,33,4.99,Dona,1995,No,No,Fluida,No,No,1,1,1,1,0,0,0,1,0,1,350,"{'Català'}"
81,62,4.75,Dona,1995,No,No,Fluida,No,No,1,1,1,1,0,0,0,1,0,1,350,"{'Català'}"
81,92,4.35,Dona,1995,No,No,Fluida,No,No,1,1,1,1,0,0,0,1,0,1,350,"{'Català'}"
81,93,4.55,Dona,1995,No,No,Fluida,No,No,1,1,1,1,0,0,0,1,0,1,350,"{'Català'}"
81,98,4.65,Dona,1995,No,No,Fluida,No,No,1,1,1,1,0,0,0,1,0,1,350,"{'Català'}"
82,5,4.85,Home,1961,No,Si,Fluida,No,No,1,1,1,1,0,0,0,1,1,1,250,"{'Espanyol'}"
82,30,4.7,Home,1961,No,Si,Fluida,No,No,1,1,1,1,0,0,0,1,1,1,250,"{'Espanyol'}"
82,32,4.75,Home,1961,No,Si,Fluida,No,No,1,1,1,1,0,0,0,1,1,1,250,"{'Espanyol'}"
82,73,4.45,Home,1961,No,Si,Fluida,No,No,1,1,1,1,0,0,0,1,1,1,250,"{'Espanyol'}"
82,100,4.65,Home,1961,No,Si,Fluida,No,No,1,1,1,1,0,0,0,1,1,1,250,"{'Espanyol'}"
83,3,4.85,Dona,1997,Si,No,Fluida,Si,No,1,1,1,1,1,0,0,1,0,0,100000000,"{'Català', 'Francès'}"
83,4,4.9,Dona,1997,Si,No,Fluida,Si,No,1,1,1,1,1,0,0,1,0,0,100000000,"{'Català', 'Francès'}"
83,23,4.1,Dona,1997,Si,No,Fluida,Si,No,1,1,1,1,1,0,0,1,0,0,100000000,"{'Català', 'Francès'}"
83,54,4.4,Dona,1997,Si,No,Fluida,Si,No,1,1,1,1,1,0,0,1,0,0,100000000,"{'Català', 'Francès'}"
83,85,4.6,Dona,1997,Si,No,Fluida,Si,No,1,1,1,1,1,0,0,1,0,0,100000000,"{'Català', 'Francès'}"
84,21,4.85,Home,1968,No,No,Fluida,Si,Si,1,1,1,0,1,0,0,1,1,1,150,"{'Anglès', 'Català', 'Francès'}"
84,59,4.3,Home,1968,No,No,Fluida,Si,Si,1,1,1,0,1,0,0,1,1,1,150,"{'Anglès', 'Català', 'Francès'}"
84,64,4.6,Home,1968,No,No,Fluida,Si,Si,1,1,1,0,1,0,0,1,1,1,150,"{'Anglès', 'Català', 'Francès'}"
84,68,4.65,Home,1968,No,No,Fluida,Si,Si,1,1,1,0,1,0,0,1,1,1,150,"{'Anglès', 'Català', 'Francès'}"
84,92,4.35,Home,1968,No,No,Fluida,Si,Si,1,1,1,0,1,0,0,1,1,1,150,"{'Anglès', 'Català', 'Francès'}"
85,34,4.85,Dona,1980,No,No,Fluida,No,Si,1,0,1,0,1,1,0,1,1,0,150,"{'Espanyol', 'Anglès'}"
85,39,4.75,Dona,1980,No,No,Fluida,No,Si,1,0,1,0,1,1,0,1,1,0,150,"{'Espanyol', 'Anglès'}"
85,42,4.75,Dona,1980,No,No,Fluida,No,Si,1,0,1,0,1,1,0,1,1,0,150,"{'Espanyol', 'Anglès'}"
85,87,4.75,Dona,1980,No,No,Fluida,No,Si,1,0,1,0,1,1,0,1,1,0,150,"{'Espanyol', 'Anglès'}"
85,89,4.5,Dona,1980,No,No,Fluida,No,Si,1,0,1,0,1,1,0,1,1,0,150,"{'Espanyol', 'Anglès'}"
86,35,4.85,Home,1953,Si,No,Fluida,No,No,1,0,1,1,0,0,0,1,0,1,350,"{'Català'}"
86,39,4.75,Home,1953,Si,No,Fluida,No,No,1,0,1,1,0,0,0,1,0,1,350,"{'Català'}"
86,90,4.6,Home,1953,Si,No,Fluida,No,No,1,0,1,1,0,0,0,1,0,1,350,"{'Català'}"
86,92,4.35,Home,1953,Si,No,Fluida,No,No,1,0,1,1,0,0,0,1,0,1,350,"{'Català'}"
86,102,4.7,Home,1953,Si,No,Fluida,No,No,1,0,1,1,0,0,0,1,0,1,350,"{'Català'}"
87,0,4.75,Dona,1968,Si,No,Fluida,No,No,1,1,1,1,0,1,0,0,1,0,350,"{'Anglès'}"
87,22,4.8,Dona,1968,Si,No,Fluida,No,No,1,1,1,1,0,1,0,0,1,0,350,"{'Anglès'}"
87,58,4.55,Dona,1968,Si,No,Fluida,No,No,1,1,1,1,0,1,0,0,1,0,350,"{'Anglès'}"
87,75,4.65,Dona,1968,Si,No,Fluida,No,No,1,1,1,1,0,1,0,0,1,0,350,"{'Anglès'}"
87,79,4.7,Dona,1968,Si,No,Fluida,No,No,1,1,1,1,0,1,0,0,1,0,350,"{'Anglès'}"
88,50,4.7,Home,1985,Si,No,Fluida,No,Si,0,1,1,1,1,0,1,0,1,0,100000000,"{'Espanyol', 'Català'}"
88,53,4.75,Home,1985,Si,No,Fluida,No,Si,0,1,1,1,1,0,1,0,1,0,100000000,"{'Espanyol', 'Català'}"
88,64,4.6,Home,1985,Si,No,Fluida,No,Si,0,1,1,1,1,0,1,0,1,0,100000000,"{'Espanyol', 'Català'}"
88,69,4.6,Home,1985,Si,No,Fluida,No,Si,0,1,1,1,1,0,1,0,1,0,100000000,"{'Espanyol', 'Català'}"
88,70,4.65,Home,1985,Si,No,Fluida,No,Si,0,1,1,1,1,0,1,0,1,0,100000000,"{'Espanyol', 'Català'}"
89,9,4.5,Dona,1944,Si,No,Fluida,No,No,1,1,1,1,0,0,1,1,0,1,100000000,"{'Català', 'Alemany'}"
89,18,4.65,Dona,1944,Si,No,Fluida,No,No,1,1,1,1,0,0,1,1,0,1,100000000,"{'Català', 'Alemany'}"
89,24,4.85,Dona,1944,Si,No,Fluida,No,No,1,1,1,1,0,0,1,1,0,1,100000000,"{'Català', 'Alemany'}"
89,51,4.75,Dona,1944,Si,No,Fluida,No,No,1,1,1,1,0,0,1,1,0,1,100000000,"{'Català', 'Alemany'}"
89,52,4.5,Dona,1944,Si,No,Fluida,No,No,1,1,1,1,0,0,1,1,0,1,100000000,"{'Català', 'Alemany'}"
90,5,4.85,Home,1990,Si,Si,Fluida,No,Si,0,1,0,0,0,1,0,1,1,0,250,"{'Català', 'Alemany'}"
90,19,4.85,Home,1990,Si,Si,Fluida,No,Si,0,1,0,0,0,1,0,1,1,0,250,"{'Català', 'Alemany'}"
90,23,4.1,Home,1990,Si,Si,Fluida,No,Si,0,1,0,0,0,1,0,1,1,0,250,"{'Català', 'Alemany'}"
90,41,4.5,Home,1990,Si,Si,Fluida,No,Si,0,1,0,0,0,1,0,1,1,0,250,"{'Català', 'Alemany'}"
90,49,5.0,Home,1990,Si,Si,Fluida,No,Si,0,1,0,0,0,1,0,1,1,0,250,"{'Català', 'Alemany'}"
91,15,4.65,Dona,1988,No,No,Fluida,No,No,1,0,1,0,1,0,1,0,0,0,250,"{'Català', 'Alemany'}"
91,42,4.75,Dona,1988,No,No,Fluida,No,No,1,0,1,0,1,0,1,0,0,0,250,"{'Català', 'Alemany'}"
91,49,5.0,Dona,1988,No,No,Fluida,No,No,1,0,1,0,1,0,1,0,0,0,250,"{'Català', 'Alemany'}"
91,59,4.3,Dona,1988,No,No,Fluida,No,No,1,0,1,0,1,0,1,0,0,0,250,"{'Català', 'Alemany'}"
91,92,4.35,Dona,1988,No,No,Fluida,No,No,1,0,1,0,1,0,1,0,0,0,250,"{'Català', 'Alemany'}"
92,5,4.85,Home,1996,No,No,Fluida,Si,Si,0,0,1,0,1,0,0,0,0,0,100000000,"{'Anglès', 'Espanyol'}"
92,27,4.75,Home,1996,No,No,Fluida,Si,Si,0,0,1,0,1,0,0,0,0,0,100000000,"{'Anglès', 'Espanyol'}"
92,91,4.5,Home,1996,No,No,Fluida,Si,Si,0,0,1,0,1,0,0,0,0,0,100000000,"{'Anglès', 'Espanyol'}"
92,96,4.5,Home,1996,No,No,Fluida,Si,Si,0,0,1,0,1,0,0,0,0,0,100000000,"{'Anglès', 'Espanyol'}"
92,106,4.6,Home,1996,No,No,Fluida,Si,Si,0,0,1,0,1,0,0,0,0,0,100000000,"{'Anglès', 'Espanyol'}"
93,31,4.65,Dona,1994,No,Si,Fluida,Si,Si,1,0,0,0,1,1,1,0,1,1,350,"{'Català', 'Alemany'}"
93,35,4.85,Dona,1994,No,Si,Fluida,Si,Si,1,0,0,0,1,1,1,0,1,1,350,"{'Català', 'Alemany'}"
93,47,4.0,Dona,1994,No,Si,Fluida,Si,Si,1,0,0,0,1,1,1,0,1,1,350,"{'Català', 'Alemany'}"
93,51,4.75,Dona,1994,No,Si,Fluida,Si,Si,1,0,0,0,1,1,1,0,1,1,350,"{'Català', 'Alemany'}"
93,103,4.9,Dona,1994,No,Si,Fluida,Si,Si,1,0,0,0,1,1,1,0,1,1,350,"{'Català', 'Alemany'}"
94,17,4.65,Home,1953,Si,Si,Fluida,No,No,1,0,1,0,0,1,0,0,0,0,350,"{'Català'}"
94,26,4.55,Home,1953,Si,Si,Fluida,No,No,1,0,1,0,0,1,0,0,0,0,350,"{'Català'}"
94,51,4.75,Home,1953,Si,Si,Fluida,No,No,1,0,1,0,0,1,0,0,0,0,350,"{'Català'}"
94,60,4.5,Home,1953,Si,Si,Fluida,No,No,1,0,1,0,0,1,0,0,0,0,350,"{'Català'}"
94,97,4.5,Home,1953,Si,Si,Fluida,No,No,1,0,1,0,0,1,0,0,0,0,350,"{'Català'}"
95,11,5.0,Dona,1969,No,Si,Fluida,Si,Si,1,1,1,0,1,1,1,1,1,1,350,"{'Català'}"
95,20,4.75,Dona,1969,No,Si,Fluida,Si,Si,1,1,1,0,1,1,1,1,1,1,350,"{'Català'}"
95,50,4.7,Dona,1969,No,Si,Fluida,Si,Si,1,1,1,0,1,1,1,1,1,1,350,"{'Català'}"
95,66,4.65,Dona,1969,No,Si,Fluida,Si,Si,1,1,1,0,1,1,1,1,1,1,350,"{'Català'}"
95,103,4.9,Dona,1969,No,Si,Fluida,Si,Si,1,1,1,0,1,1,1,1,1,1,350,"{'Català'}"
96,21,4.85,Home,1987,No,No,Fluida,No,Si,0,0,0,1,1,1,0,0,1,0,350,"{'Anglès', 'Espanyol'}"
96,30,4.7,Home,1987,No,No,Fluida,No,Si,0,0,0,1,1,1,0,0,1,0,350,"{'Anglès', 'Espanyol'}"
96,41,4.5,Home,1987,No,No,Fluida,No,Si,0,0,0,1,1,1,0,0,1,0,350,"{'Anglès', 'Espanyol'}"
96,49,5.0,Home,1987,No,No,Fluida,No,Si,0,0,0,1,1,1,0,0,1,0,350,"{'Anglès', 'Espanyol'}"
96,105,4.65,Home,1987,No,No,Fluida,No,Si,0,0,0,1,1,1,0,0,1,0,350,"{'Anglès', 'Espanyol'}"
97,13,4.65,Dona,2002,No,Si,Fluida,Si,No,1,0,0,0,1,1,0,0,1,0,150,"{'Anglès', 'Català', 'Francès'}"
97,25,4.7,Dona,2002,No,Si,Fluida,Si,No,1,0,0,0,1,1,0,0,1,0,150,"{'Anglès', 'Català', 'Francès'}"
97,69,4.6,Dona,2002,No,Si,Fluida,Si,No,1,0,0,0,1,1,0,0,1,0,150,"{'Anglès', 'Català', 'Francès'}"
97,83,4.6,Dona,2002,No,Si,Fluida,Si,No,1,0,0,0,1,1,0,0,1,0,150,"{'Anglès', 'Català', 'Francès'}"
97,101,4.55,Dona,2002,No,Si,Fluida,Si,No,1,0,0,0,1,1,0,0,1,0,150,"{'Anglès', 'Català', 'Francès'}"
98,37,4.6,Home,1979,No,Si,Fluida,Si,No,0,0,1,1,0,1,0,0,0,0,150,"{'Anglès', 'Espanyol'}"
98,49,5.0,Home,1979,No,Si,Fluida,Si,No,0,0,1,1,0,1,0,0,0,0,150,"{'Anglès', 'Espanyol'}"
98,70,4.65,Home,1979,No,Si,Fluida,Si,No,0,0,1,1,0,1,0,0,0,0,150,"{'Anglès', 'Espanyol'}"
98,73,4.45,Home,1979,No,Si,Fluida,Si,No,0,0,1,1,0,1,0,0,0,0,150,"{'Anglès', 'Espanyol'}"
98,87,4.75,Home,1979,No,Si,Fluida,Si,No,0,0,1,1,0,1,0,0,0,0,150,"{'Anglès', 'Espanyol'}"
99,10,4.9,Dona,1972,No,No,Fluida,Si,Si,0,0,1,1,1,0,1,1,1,1,350,"{'Francès'}"
99,11,5.0,Dona,1972,No,No,Fluida,Si,Si,0,0,1,1,1,0,1,1,1,1,350,"{'Francès'}"
99,36,4.65,Dona,1972,No,No,Fluida,Si,Si,0,0,1,1,1,0,1,1,1,1,350,"{'Francès'}"
99,43,4.45,Dona,1972,No,No,Fluida,Si,Si,0,0,1,1,1,0,1,1,1,1,350,"{'Francès'}"
99,79,4.7,Dona,1972,No,No,Fluida,Si,Si,0,0,1,1,1,0,1,1,1,1,350,"{'Francès'}"
100,0,4.75,Home,1962,No,No,Fluida,No,No,0,1,1,0,1,0,0,1,0,0,100000000,"{'Espanyol', 'Anglès'}"
100,8,4.5,Home,1962,No,No,Fluida,No,No,0,1,1,0,1,0,0,1,0,0,100000000,"{'Espanyol', 'Anglès'}"
100,27,4.75,Home,1962,No,No,Fluida,No,No,0,1,1,0,1,0,0,1,0,0,100000000,"{'Espanyol', 'Anglès'}"
100,37,4.6,Home,1962,No,No,Fluida,No,No,0,1,1,0,1,0,0,1,0,0,100000000,"{'Espanyol', 'Anglès'}"
100,84,4.7,Home,1962,No,No,Fluida,No,No,0,1,1,0,1,0,0,1,0,0,100000000,"{'Espanyol', 'Anglès'}"
101,4,4.9,Dona,1949,No,Si,Fluida,No,No,0,1,1,0,0,0,0,1,0,1,150,"{'Espanyol'}"
101,8,4.5,Dona,1949,No,Si,Fluida,No,No,0,1,1,0,0,0,0,1,0,1,150,"{'Espanyol'}"
101,9,4.5,Dona,1949,No,Si,Fluida,No,No,0,1,1,0,0,0,0,1,0,1,150,"{'Espanyol'}"
101,41,4.5,Dona,1949,No,Si,Fluida,No,No,0,1,1,0,0,0,0,1,0,1,150,"{'Espanyol'}"
101,88,4.65,Dona,1949,No,Si,Fluida,No,No,0,1,1,0,0,0,0,1,0,1,150,"{'Espanyol'}"
102,1,4.85,Home,1972,No,Si,Fluida,Si,No,1,0,0,0,0,0,1,0,0,1,250,"{'Espanyol', 'Anglès'}"
102,9,4.5,Home,1972,No,Si,Fluida,Si,No,1,0,0,0,0,0,1,0,0,1,250,"{'Espanyol', 'Anglès'}"
102,29,4.75,Home,1972,No,Si,Fluida,Si,No,1,0,0,0,0,0,1,0,0,1,250,"{'Espanyol', 'Anglès'}"
102,35,4.85,Home,1972,No,Si,Fluida,Si,No,1,0,0,0,0,0,1,0,0,1,250,"{'Espanyol', 'Anglès'}"
102,102,4.7,Home,1972,No,Si,Fluida,Si,No,1,0,0,0,0,0,1,0,0,1,250,"{'Espanyol', 'Anglès'}"
103,25,4.7,Dona,2000,No,Si,Fluida,No,Si,0,1,0,1,1,1,1,0,1,0,350,"{'Anglès', 'Català'}"
103,28,4.65,Dona,2000,No,Si,Fluida,No,Si,0,1,0,1,1,1,1,0,1,0,350,"{'Anglès', 'Català'}"
103,42,4.75,Dona,2000,No,Si,Fluida,No,Si,0,1,0,1,1,1,1,0,1,0,350,"{'Anglès', 'Català'}"
103,60,4.5,Dona,2000,No,Si,Fluida,No,Si,0,1,0,1,1,1,1,0,1,0,350,"{'Anglès', 'Català'}"
103,93,4.55,Dona,2000,No,Si,Fluida,No,Si,0,1,0,1,1,1,1,0,1,0,350,"{'Anglès', 'Català'}"
104,14,4.8,Home,1978,Si,Si,Fluida,Si,No,0,1,0,1,0,0,0,0,1,1,100000000,"{'Espanyol', 'Català'}"
104,32,4.75,Home,1978,Si,Si,Fluida,Si,No,0,1,0,1,0,0,0,0,1,1,100000000,"{'Espanyol', 'Català'}"
104,48,4.9,Home,1978,Si,Si,Fluida,Si,No,0,1,0,1,0,0,0,0,1,1,100000000,"{'Espanyol', 'Català'}"
104,52,4.5,Home,1978,Si,Si,Fluida,Si,No,0,1,0,1,0,0,0,0,1,1,100000000,"{'Espanyol', 'Català'}"
104,83,4.6,Home,1978,Si,Si,Fluida,Si,No,0,1,0,1,0,0,0,0,1,1,100000000,"{'Espanyol', 'Català'}"
105,21,4.85,Dona,2004,No,Si,Fluida,Si,No,1,1,1,0,0,1,0,0,0,0,100000000,"{'Anglès', 'Espanyol'}"
105,22,4.8,Dona,2004,No,Si,Fluida,Si,No,1,1,1,0,0,1,0,0,0,0,100000000,"{'Anglès', 'Espanyol'}"
105,72,4.75,Dona,2004,No,Si,Fluida,Si,No,1,1,1,0,0,1,0,0,0,0,100000000,"{'Anglès', 'Espanyol'}"
105,80,4.3,Dona,2004,No,Si,Fluida,Si,No,1,1,1,0,0,1,0,0,0,0,100000000,"{'Anglès', 'Espanyol'}"
105,97,4.5,Dona,2004,No,Si,Fluida,Si,No,1,1,1,0,0,1,0,0,0,0,100000000,"{'Anglès', 'Espanyol'}"
106,5,4.85,Home,1968,No,No,Fluida,Si,Si,0,1,0,0,1,0,0,1,0,1,100000000,"{'Espanyol'}"
106,7,4.75,Home,1968,No,No,Fluida,Si,Si,0,1,0,0,1,0,0,1,0,1,100000000,"{'Espanyol'}"
106,27,4.75,Home,1968,No,No,Fluida,Si,Si,0,1,0,0,1,0,0,1,0,1,100000000,"{'Espanyol'}"
106,47,4.0,Home,1968,No,No,Fluida,Si,Si,0,1,0,0,1,0,0,1,0,1,100000000,"{'Espanyol'}"
106,72,4.75,Home,1968,No,No,Fluida,Si,Si,0,1,0,0,1,0,0,1,0,1,100000000,"{'Espanyol'}"
107,7,4.75,Dona,1980,Si,Si,Fluida,No,Si,0,1,0,1,1,0,1,1,0,1,150,"{'Català'}"
107,35,4.85,Dona,1980,Si,Si,Fluida,No,Si,0,1,0,1,1,0,1,1,0,1,150,"{'Català'}"
107,49,5.0,Dona,1980,Si,Si,Fluida,No,Si,0,1,0,1,1,0,1,1,0,1,150,"{'Català'}"
107,57,4.7,Dona,1980,Si,Si,Fluida,No,Si,0,1,0,1,1,0,1,1,0,1,150,"{'Català'}"
107,105,4.65,Dona,1980,Si,Si,Fluida,No,Si,0,1,0,1,1,0,1,1,0,1,150,"{'Català'}"
108,1,4.85,Home,1985,No,Si,Fluida,Si,No,0,0,1,1,0,1,0,0,0,1,100000000,"{'Espanyol', 'Francès', 'Alemany'}"
108,16,4.85,Home,1985,No,Si,Fluida,Si,No,0,0,1,1,0,1,0,0,0,1,100000000,"{'Espanyol', 'Francès', 'Alemany'}"
108,22,4.8,Home,1985,No,Si,Fluida,Si,No,0,0,1,1,0,1,0,0,0,1,100000000,"{'Espanyol', 'Francès', 'Alemany'}"
108,45,4.6,Home,1985,No,Si,Fluida,Si,No,0,0,1,1,0,1,0,0,0,1,100000000,"{'Espanyol', 'Francès', 'Alemany'}"
108,75,4.65,Home,1985,No,Si,Fluida,Si,No,0,0,1,1,0,1,0,0,0,1,100000000,"{'Espanyol', 'Francès', 'Alemany'}"
109,16,4.85,Dona,1960,Si,Si,Fluida,Si,No,1,1,0,0,0,0,0,1,0,1,350,"{'Anglès', 'Català', 'Francès'}"
109,73,4.45,Dona,1960,Si,Si,Fluida,Si,No,1,1,0,0,0,0,0,1,0,1,350,"{'Anglès', 'Català', 'Francès'}"
109,85,4.6,Dona,1960,Si,Si,Fluida,Si,No,1,1,0,0,0,0,0,1,0,1,350,"{'Anglès', 'Català', 'Francès'}"
109,91,4.5,Dona,1960,Si,Si,Fluida,Si,No,1,1,0,0,0,0,0,1,0,1,350,"{'Anglès', 'Català', 'Francès'}"
109,92,4.35,Dona,1960,Si,Si,Fluida,Si,No,1,1,0,0,0,0,0,1,0,1,350,"{'Anglès', 'Català', 'Francès'}"
110,14,4.8,Home,1969,No,No,Fluida,No,No,0,0,0,0,0,0,0,1,1,1,350,"{'Espanyol', 'Anglès', 'Català'}"
110,27,4.75,Home,1969,No,No,Fluida,No,No,0,0,0,0,0,0,0,1,1,1,350,"{'Espanyol', 'Anglès', 'Català'}"
110,34,4.85,Home,1969,No,No,Fluida,No,No,0,0,0,0,0,0,0,1,1,1,350,"{'Espanyol', 'Anglès', 'Català'}"
110,41,4.5,Home,1969,No,No,Fluida,No,No,0,0,0,0,0,0,0,1,1,1,350,"{'Espanyol', 'Anglès', 'Català'}"
110,54,4.4,Home,1969,No,No,Fluida,No,No,0,0,0,0,0,0,0,1,1,1,350,"{'Espanyol', 'Anglès', 'Català'}"
111,4,4.9,Dona,1983,No,Si,Fluida,Si,Si,1,0,1,1,0,1,1,1,0,1,100000000,"{'Català'}"
111,30,4.7,Dona,1983,No,Si,Fluida,Si,Si,1,0,1,1,0,1,1,1,0,1,100000000,"{'Català'}"
111,33,4.99,Dona,1983,No,Si,Fluida,Si,Si,1,0,1,1,0,1,1,1,0,1,100000000,"{'Català'}"
111,75,4.65,Dona,1983,No,Si,Fluida,Si,Si,1,0,1,1,0,1,1,1,0,1,100000000,"{'Català'}"
111,88,4.65,Dona,1983,No,Si,Fluida,Si,Si,1,0,1,1,0,1,1,1,0,1,100000000,"{'Català'}"
112,11,5.0,Home,1954,No,Si,Fluida,No,No,1,1,0,0,0,1,0,0,0,1,100000000,"{'Anglès'}"
112,41,4.5,Home,1954,No,Si,Fluida,No,No,1,1,0,0,0,1,0,0,0,1,100000000,"{'Anglès'}"
112,46,4.75,Home,1954,No,Si,Fluida,No,No,1,1,0,0,0,1,0,0,0,1,100000000,"{'Anglès'}"
112,64,4.6,Home,1954,No,Si,Fluida,No,No,1,1,0,0,0,1,0,0,0,1,100000000,"{'Anglès'}"
112,93,4.55,Home,1954,No,Si,Fluida,No,No,1,1,0,0,0,1,0,0,0,1,100000000,"{'Anglès'}"
113,11,5.0,Dona,1961,No,No,Fluida,Si,No,0,1,1,0,1,1,1,1,1,1,250,"{'Espanyol', 'Anglès'}"
113,12,4.5,Dona,1961,No,No,Fluida,Si,No,0,1,1,0,1,1,1,1,1,1,250,"{'Espanyol', 'Anglès'}"
113,17,4.65,Dona,1961,No,No,Fluida,Si,No,0,1,1,0,1,1,1,1,1,1,250,"{'Espanyol', 'Anglès'}"
113,34,4.85,Dona,1961,No,No,Fluida,Si,No,0,1,1,0,1,1,1,1,1,1,250,"{'Espanyol', 'Anglès'}"
113,41,4.5,Dona,1961,No,No,Fluida,Si,No,0,1,1,0,1,1,1,1,1,1,250,"{'Espanyol', 'Anglès'}"
114,15,4.65,Home,1976,Si,No,Fluida,No,Si,1,1,1,0,0,1,1,1,1,1,150,"{'Espanyol'}"
114,43,4.45,Home,1976,Si,No,Fluida,No,Si,1,1,1,0,0,1,1,1,1,1,150,"{'Espanyol'}"
114,52,4.5,Home,1976,Si,No,Fluida,No,Si,1,1,1,0,0,1,1,1,1,1,150,"{'Espanyol'}"
114,104,4.5,Home,1976,Si,No,Fluida,No,Si,1,1,1,0,0,1,1,1,1,1,150,"{'Espanyol'}"
114,106,4.6,Home,1976,Si,No,Fluida,No,Si,1,1,1,0,0,1,1,1,1,1,150,"{'Espanyol'}"
115,15,4.65,Dona,1966,No,Si,Fluida,No,No,0,1,1,1,1,1,1,1,0,0,250,"{'Espanyol', 'Català', 'Francès'}"
115,45,4.6,Dona,1966,No,Si,Fluida,No,No,0,1,1,1,1,1,1,1,0,0,250,"{'Espanyol', 'Català', 'Francès'}"
115,62,4.75,Dona,1966,No,Si,Fluida,No,No,0,1,1,1,1,1,1,1,0,0,250,"{'Espanyol', 'Català', 'Francès'}"
115,72,4.75,Dona,1966,No,Si,Fluida,No,No,0,1,1,1,1,1,1,1,0,0,250,"{'Espanyol', 'Català', 'Francès'}"
115,99,4.0,Dona,1966,No,Si,Fluida,No,No,0,1,1,1,1,1,1,1,0,0,250,"{'Espanyol', 'Català', 'Francès'}"
116,7,4.75,Home,1964,Si,No,Fluida,Si,No,0,0,1,0,1,1,1,1,0,1,100000000,"{'Espanyol', 'Francès'}"
116,28,4.65,Home,1964,Si,No,Fluida,Si,No,0,0,1,0,1,1,1,1,0,1,100000000,"{'Espanyol', 'Francès'}"
116,64,4.6,Home,1964,Si,No,Fluida,Si,No,0,0,1,0,1,1,1,1,0,1,100000000,"{'Espanyol', 'Francès'}"
116,77,4.8,Home,1964,Si,No,Fluida,Si,No,0,0,1,0,1,1,1,1,0,1,100000000,"{'Espanyol', 'Francès'}"
116,89,4.5,Home,1964,Si,No,Fluida,Si,No,0,0,1,0,1,1,1,1,0,1,100000000,"{'Espanyol', 'Francès'}"
117,22,4.8,Dona,1984,Si,No,Fluida,Si,Si,1,0,0,1,1,0,0,1,1,0,250,"{'Espanyol', 'Català', 'Francès'}"
117,25,4.7,Dona,1984,Si,No,Fluida,Si,Si,1,0,0,1,1,0,0,1,1,0,250,"{'Espanyol', 'Català', 'Francès'}"
117,44,4.5,Dona,1984,Si,No,Fluida,Si,Si,1,0,0,1,1,0,0,1,1,0,250,"{'Espanyol', 'Català', 'Francès'}"
117,71,5.0,Dona,1984,Si,No,Fluida,Si,Si,1,0,0,1,1,0,0,1,1,0,250,"{'Espanyol', 'Català', 'Francès'}"
117,94,4.5,Dona,1984,Si,No,Fluida,Si,Si,1,0,0,1,1,0,0,1,1,0,250,"{'Espanyol', 'Català', 'Francès'}"
118,5,4.85,Home,1946,No,Si,Fluida,No,Si,0,0,0,0,0,1,0,0,0,0,350,"{'Anglès', 'Català', 'Francès'}"
118,19,4.85,Home,1946,No,Si,Fluida,No,Si,0,0,0,0,0,1,0,0,0,0,350,"{'Anglès', 'Català', 'Francès'}"
118,32,4.75,Home,1946,No,Si,Fluida,No,Si,0,0,0,0,0,1,0,0,0,0,350,"{'Anglès', 'Català', 'Francès'}"
118,89,4.5,Home,1946,No,Si,Fluida,No,Si,0,0,0,0,0,1,0,0,0,0,350,"{'Anglès', 'Català', 'Francès'}"
118,96,4.5,Home,1946,No,Si,Fluida,No,Si,0,0,0,0,0,1,0,0,0,0,350,"{'Anglès', 'Català', 'Francès'}"
119,6,4.8,Dona,1954,Si,No,Fluida,No,Si,1,0,0,1,0,1,1,0,0,1,100000000,"{'Català'}"
119,33,4.99,Dona,1954,Si,No,Fluida,No,Si,1,0,0,1,0,1,1,0,0,1,100000000,"{'Català'}"
119,61,4.4,Dona,1954,Si,No,Fluida,No,Si,1,0,0,1,0,1,1,0,0,1,100000000,"{'Català'}"
119,75,4.65,Dona,1954,Si,No,Fluida,No,Si,1,0,0,1,0,1,1,0,0,1,100000000,"{'Català'}"
119,96,4.5,Dona,1954,Si,No,Fluida,No,Si,1,0,0,1,0,1,1,0,0,1,100000000,"{'Català'}"
120,39,4.75,Home,1985,Si,No,Fluida,Si,Si,0,0,1,0,0,0,0,0,0,0,100000000,"{'Anglès', 'Català', 'Alemany'}"
120,47,4.0,Home,1985,Si,No,Fluida,Si,Si,0,0,1,0,0,0,0,0,0,0,100000000,"{'Anglès', 'Català', 'Alemany'}"
120,51,4.75,Home,1985,Si,No,Fluida,Si,Si,0,0,1,0,0,0,0,0,0,0,100000000,"{'Anglès', 'Català', 'Alemany'}"
120,54,4.4,Home,1985,Si,No,Fluida,Si,Si,0,0,1,0,0,0,0,0,0,0,100000000,"{'Anglès', 'Català', 'Alemany'}"
120,105,4.65,Home,1985,Si,No,Fluida,Si,Si,0,0,1,0,0,0,0,0,0,0,100000000,"{'Anglès', 'Català', 'Alemany'}"
121,16,4.85,Dona,1988,Si,Si,Fluida,Si,Si,0,0,1,1,0,0,0,0,0,1,350,"{'Anglès'}"
121,45,4.6,Dona,1988,Si,Si,Fluida,Si,Si,0,0,1,1,0,0,0,0,0,1,350,"{'Anglès'}"
121,56,4.75,Dona,1988,Si,Si,Fluida,Si,Si,0,0,1,1,0,0,0,0,0,1,350,"{'Anglès'}"
121,71,5.0,Dona,1988,Si,Si,Fluida,Si,Si,0,0,1,1,0,0,0,0,0,1,350,"{'Anglès'}"
121,81,4.8,Dona,1988,Si,Si,Fluida,Si,Si,0,0,1,1,0,0,0,0,0,1,350,"{'Anglès'}"
122,16,4.85,Home,1993,Si,No,Fluida,No,No,1,0,0,1,0,0,0,0,1,0,250,"{'Espanyol', 'Anglès', 'Català'}"
122,27,4.75,Home,1993,Si,No,Fluida,No,No,1,0,0,1,0,0,0,0,1,0,250,"{'Espanyol', 'Anglès', 'Català'}"
122,34,4.85,Home,1993,Si,No,Fluida,No,No,1,0,0,1,0,0,0,0,1,0,250,"{'Espanyol', 'Anglès', 'Català'}"
122,39,4.75,Home,1993,Si,No,Fluida,No,No,1,0,0,1,0,0,0,0,1,0,250,"{'Espanyol', 'Anglès', 'Català'}"
122,67,4.65,Home,1993,Si,No,Fluida,No,No,1,0,0,1,0,0,0,0,1,0,250,"{'Espanyol', 'Anglès', 'Català'}"
123,35,4.85,Dona,1964,No,Si,Fluida,No,No,0,1,0,0,0,1,0,0,1,0,350,"{'Anglès', 'Català', 'Francès'}"
123,62,4.75,Dona,1964,No,Si,Fluida,No,No,0,1,0,0,0,1,0,0,1,0,350,"{'Anglès', 'Català', 'Francès'}"
123,65,4.5,Dona,1964,No,Si,Fluida,No,No,0,1,0,0,0,1,0,0,1,0,350,"{'Anglès', 'Català', 'Francès'}"
123,77,4.8,Dona,1964,No,Si,Fluida,No,No,0,1,0,0,0,1,0,0,1,0,350,"{'Anglès', 'Català', 'Francès'}"
123,81,4.8,Dona,1964,No,Si,Fluida,No,No,0,1,0,0,0,1,0,0,1,0,350,"{'Anglès', 'Català', 'Francès'}"
124,8,4.5,Home,1969,No,Si,Fluida,No,No,0,0,0,1,0,0,1,0,0,0,350,"{'Espanyol'}"
124,20,4.75,Home,1969,No,Si,Fluida,No,No,0,0,0,1,0,0,1,0,0,0,350,"{'Espanyol'}"
124,71,5.0,Home,1969,No,Si,Fluida,No,No,0,0,0,1,0,0,1,0,0,0,350,"{'Espanyol'}"
124,84,4.7,Home,1969,No,Si,Fluida,No,No,0,0,0,1,0,0,1,0,0,0,350,"{'Espanyol'}"
124,94,4.5,Home,1969,No,Si,Fluida,No,No,0,0,0,1,0,0,1,0,0,0,350,"{'Espanyol'}"
125,15,4.65,Dona,1998,Si,No,Fluida,Si,Si,0,1,1,1,1,0,1,0,1,0,350,"{'Espanyol', 'Francès'}"
125,25,4.7,Dona,1998,Si,No,Fluida,Si,Si,0,1,1,1,1,0,1,0,1,0,350,"{'Espanyol', 'Francès'}"
125,78,4.65,Dona,1998,Si,No,Fluida,Si,Si,0,1,1,1,1,0,1,0,1,0,350,"{'Espanyol', 'Francès'}"
125,84,4.7,Dona,1998,Si,No,Fluida,Si,Si,0,1,1,1,1,0,1,0,1,0,350,"{'Espanyol', 'Francès'}"
125,94,4.5,Dona,1998,Si,No,Fluida,Si,Si,0,1,1,1,1,0,1,0,1,0,350,"{'Espanyol', 'Francès'}"
126,3,4.85,Home,1989,No,Si,Fluida,No,Si,1,0,1,1,1,0,1,1,0,1,100000000,"{'Català'}"
126,4,4.9,Home,1989,No,Si,Fluida,No,Si,1,0,1,1,1,0,1,1,0,1,100000000,"{'Català'}"
126,19,4.85,Home,1989,No,Si,Fluida,No,Si,1,0,1,1,1,0,1,1,0,1,100000000,"{'Català'}"
126,27,4.75,Home,1989,No,Si,Fluida,No,Si,1,0,1,1,1,0,1,1,0,1,100000000,"{'Català'}"
126,85,4.6,Home,1989,No,Si,Fluida,No,Si,1,0,1,1,1,0,1,1,0,1,100000000,"{'Català'}"
127,9,4.5,Dona,1952,Si,No,Fluida,Si,Si,1,1,1,1,0,1,1,0,0,1,150,"{'Anglès', 'Espanyol'}"
127,12,4.5,Dona,1952,Si,No,Fluida,Si,Si,1,1,1,1,0,1,1,0,0,1,150,"{'Anglès', 'Espanyol'}"
127,19,4.85,Dona,1952,Si,No,Fluida,Si,Si,1,1,1,1,0,1,1,0,0,1,150,"{'Anglès', 'Espanyol'}"
127,37,4.6,Dona,1952,Si,No,Fluida,Si,Si,1,1,1,1,0,1,1,0,0,1,150,"{'Anglès', 'Espanyol'}"
127,99,4.0,Dona,1952,Si,No,Fluida,Si,Si,1,1,1,1,0,1,1,0,0,1,150,"{'Anglès', 'Espanyol'}"
128,4,4.9,Home,2005,No,Si,Fluida,No,Si,0,1,0,0,1,0,1,0,1,1,150,"{'Anglès', 'Català', 'Francès'}"
128,47,4.0,Home,2005,No,Si,Fluida,No,Si,0,1,0,0,1,0,1,0,1,1,150,"{'Anglès', 'Català', 'Francès'}"
128,60,4.5,Home,2005,No,Si,Fluida,No,Si,0,1,0,0,1,0,1,0,1,1,150,"{'Anglès', 'Català', 'Francès'}"
128,91,4.5,Home,2005,No,Si,Fluida,No,Si,0,1,0,0,1,0,1,0,1,1,150,"{'Anglès', 'Català', 'Francès'}"
128,92,4.35,Home,2005,No,Si,Fluida,No,Si,0,1,0,0,1,0,1,0,1,1,150,"{'Anglès', 'Català', 'Francès'}"
129,8,4.5,Dona,1980,Si,No,Fluida,Si,Si,0,1,1,0,1,1,0,1,0,1,100000000,"{'Català'}"
129,27,4.75,Dona,1980,Si,No,Fluida,Si,Si,0,1,1,0,1,1,0,1,0,1,100000000,"{'Català'}"
129,70,4.65,Dona,1980,Si,No,Fluida,Si,Si,0,1,1,0,1,1,0,1,0,1,100000000,"{'Català'}"
129,83,4.6,Dona,1980,Si,No,Fluida,Si,Si,0,1,1,0,1,1,0,1,0,1,100000000,"{'Català'}"
129,93,4.55,Dona,1980,Si,No,Fluida,Si,Si,0,1,1,0,1,1,0,1,0,1,100000000,"{'Català'}"
130,7,4.75,Home,1960,No,Si,Fluida,No,No,1,0,1,1,0,0,1,0,1,1,350,"{'Anglès', 'Català', 'Francès'}"
130,23,4.1,Home,1960,No,Si,Fluida,No,No,1,0,1,1,0,0,1,0,1,1,350,"{'Anglès', 'Català', 'Francès'}"
130,40,4.75,Home,1960,No,Si,Fluida,No,No,1,0,1,1,0,0,1,0,1,1,350,"{'Anglès', 'Català', 'Francès'}"
130,82,4.8,Home,1960,No,Si,Fluida,No,No,1,0,1,1,0,0,1,0,1,1,350,"{'Anglès', 'Català', 'Francès'}"
130,89,4.5,Home,1960,No,Si,Fluida,No,No,1,0,1,1,0,0,1,0,1,1,350,"{'Anglès', 'Català', 'Francès'}"
131,0,4.75,Dona,2004,Si,Si,Fluida,No,Si,1,1,1,0,1,1,1,0,1,1,250,"{'Espanyol', 'Francès'}"
131,10,4.9,Dona,2004,Si,Si,Fluida,No,Si,1,1,1,0,1,1,1,0,1,1,250,"{'Espanyol', 'Francès'}"
131,15,4.65,Dona,2004,Si,Si,Fluida,No,Si,1,1,1,0,1,1,1,0,1,1,250,"{'Espanyol', 'Francès'}"
131,40,4.75,Dona,2004,Si,Si,Fluida,No,Si,1,1,1,0,1,1,1,0,1,1,250,"{'Espanyol', 'Francès'}"
131,98,4.65,Dona,2004,Si,Si,Fluida,No,Si,1,1,1,0,1,1,1,0,1,1,250,"{'Espanyol', 'Francès'}"
132,28,4.65,Home,1955,No,Si,Fluida,No,Si,0,0,1,1,0,0,0,0,0,0,350,"{'Alemany'}"
132,32,4.75,Home,1955,No,Si,Fluida,No,Si,0,0,1,1,0,0,0,0,0,0,350,"{'Alemany'}"
132,47,4.0,Home,1955,No,Si,Fluida,No,Si,0,0,1,1,0,0,0,0,0,0,350,"{'Alemany'}"
132,73,4.45,Home,1955,No,Si,Fluida,No,Si,0,0,1,1,0,0,0,0,0,0,350,"{'Alemany'}"
132,88,4.65,Home,1955,No,Si,Fluida,No,Si,0,0,1,1,0,0,0,0,0,0,350,"{'Alemany'}"
133,1,4.85,Dona,2004,Si,Si,Fluida,Si,No,1,0,1,0,0,1,0,1,0,1,350,"{'Espanyol', 'Català', 'Francès'}"
133,16,4.85,Dona,2004,Si,Si,Fluida,Si,No,1,0,1,0,0,1,0,1,0,1,350,"{'Espanyol', 'Català', 'Francès'}"
133,47,4.0,Dona,2004,Si,Si,Fluida,Si,No,1,0,1,0,0,1,0,1,0,1,350,"{'Espanyol', 'Català', 'Francès'}"
133,71,5.0,Dona,2004,Si,Si,Fluida,Si,No,1,0,1,0,0,1,0,1,0,1,350,"{'Espanyol', 'Català', 'Francès'}"
133,91,4.5,Dona,2004,Si,Si,Fluida,Si,No,1,0,1,0,0,1,0,1,0,1,350,"{'Espanyol', 'Català', 'Francès'}"
134,35,4.85,Home,1985,Si,No,Fluida,No,Si,0,1,1,0,1,1,0,0,1,1,100000000,"{'Anglès', 'Català', 'Francès'}"
134,52,4.5,Home,1985,Si,No,Fluida,No,Si,0,1,1,0,1,1,0,0,1,1,100000000,"{'Anglès', 'Català', 'Francès'}"
134,62,4.75,Home,1985,Si,No,Fluida,No,Si,0,1,1,0,1,1,0,0,1,1,100000000,"{'Anglès', 'Català', 'Francès'}"
134,72,4.75,Home,1985,Si,No,Fluida,No,Si,0,1,1,0,1,1,0,0,1,1,100000000,"{'Anglès', 'Català', 'Francès'}"
134,100,4.65,Home,1985,Si,No,Fluida,No,Si,0,1,1,0,1,1,0,0,1,1,100000000,"{'Anglès', 'Català', 'Francès'}"
135,2,4.7,Dona,1957,Si,Si,Fluida,Si,Si,1,1,1,0,0,1,0,1,1,0,100000000,"{'Anglès', 'Català', 'Francès'}"
135,38,4.6,Dona,1957,Si,Si,Fluida,Si,Si,1,1,1,0,0,1,0,1,1,0,100000000,"{'Anglès', 'Català', 'Francès'}"
135,44,4.5,Dona,1957,Si,Si,Fluida,Si,Si,1,1,1,0,0,1,0,1,1,0,100000000,"{'Anglès', 'Català', 'Francès'}"
135,74,4.75,Dona,1957,Si,Si,Fluida,Si,Si,1,1,1,0,0,1,0,1,1,0,100000000,"{'Anglès', 'Català', 'Francès'}"
135,94,4.5,Dona,1957,Si,Si,Fluida,Si,Si,1,1,1,0,0,1,0,1,1,0,100000000,"{'Anglès', 'Català', 'Francès'}"
136,3,4.85,Home,1965,Si,Si,Fluida,Si,No,0,1,0,0,1,0,1,0,0,0,250,"{'Espanyol', 'Anglès'}"
136,26,4.55,Home,1965,Si,Si,Fluida,Si,No,0,1,0,0,1,0,1,0,0,0,250,"{'Espanyol', 'Anglès'}"
136,62,4.75,Home,1965,Si,Si,Fluida,Si,No,0,1,0,0,1,0,1,0,0,0,250,"{'Espanyol', 'Anglès'}"
136,75,4.65,Home,1965,Si,Si,Fluida,Si,No,0,1,0,0,1,0,1,0,0,0,250,"{'Espanyol', 'Anglès'}"
136,79,4.7,Home,1965,Si,Si,Fluida,Si,No,0,1,0,0,1,0,1,0,0,0,250,"{'Espanyol', 'Anglès'}"
137,8,4.5,Dona,2000,No,No,Fluida,No,No,1,0,1,0,0,1,0,1,0,1,250,"{'Espanyol', 'Francès'}"
137,14,4.8,Dona,2000,No,No,Fluida,No,No,1,0,1,0,0,1,0,1,0,1,250,"{'Espanyol', 'Francès'}"
137,59,4.3,Dona,2000,No,No,Fluida,No,No,1,0,1,0,0,1,0,1,0,1,250,"{'Espanyol', 'Francès'}"
137,71,5.0,Dona,2000,No,No,Fluida,No,No,1,0,1,0,0,1,0,1,0,1,250,"{'Espanyol', 'Francès'}"
137,90,4.6,Dona,2000,No,No,Fluida,No,No,1,0,1,0,0,1,0,1,0,1,250,"{'Espanyol', 'Francès'}"
138,20,4.75,Home,1992,No,Si,Fluida,Si,No,0,1,1,0,0,1,1,0,0,1,350,"{'Català', 'Alemany'}"
138,69,4.6,Home,1992,No,Si,Fluida,Si,No,0,1,1,0,0,1,1,0,0,1,350,"{'Català', 'Alemany'}"
138,76,4.75,Home,1992,No,Si,Fluida,Si,No,0,1,1,0,0,1,1,0,0,1,350,"{'Català', 'Alemany'}"
138,97,4.5,Home,1992,No,Si,Fluida,Si,No,0,1,1,0,0,1,1,0,0,1,350,"{'Català', 'Alemany'}"
138,99,4.0,Home,1992,No,Si,Fluida,Si,No,0,1,1,0,0,1,1,0,0,1,350,"{'Català', 'Alemany'}"
139,6,4.8,Dona,2000,No,Si,Fluida,No,No,1,0,0,0,1,1,0,0,1,1,250,"{'Anglès', 'Català', 'Francès'}"
139,40,4.75,Dona,2000,No,Si,Fluida,No,No,1,0,0,0,1,1,0,0,1,1,250,"{'Anglès', 'Català', 'Francès'}"
139,54,4.4,Dona,2000,No,Si,Fluida,No,No,1,0,0,0,1,1,0,0,1,1,250,"{'Anglès', 'Català', 'Francès'}"
139,60,4.5,Dona,2000,No,Si,Fluida,No,No,1,0,0,0,1,1,0,0,1,1,250,"{'Anglès', 'Català', 'Francès'}"
139,66,4.65,Dona,2000,No,Si,Fluida,No,No,1,0,0,0,1,1,0,0,1,1,250,"{'Anglès', 'Català', 'Francès'}"
140,25,4.7,Home,1995,Si,No,Fluida,No,Si,1,1,0,1,0,0,1,0,1,0,100000000,"{'Espanyol', 'Francès', 'Alemany'}"
140,64,4.6,Home,1995,Si,No,Fluida,No,Si,1,1,0,1,0,0,1,0,1,0,100000000,"{'Espanyol', 'Francès', 'Alemany'}"
140,72,4.75,Home,1995,Si,No,Fluida,No,Si,1,1,0,1,0,0,1,0,1,0,100000000,"{'Espanyol', 'Francès', 'Alemany'}"
140,95,4.55,Home,1995,Si,No,Fluida,No,Si,1,1,0,1,0,0,1,0,1,0,100000000,"{'Espanyol', 'Francès', 'Alemany'}"
140,100,4.65,Home,1995,Si,No,Fluida,No,Si,1,1,0,1,0,0,1,0,1,0,100000000,"{'Espanyol', 'Francès', 'Alemany'}"
141,11,5.0,Dona,1975,No,Si,Fluida,Si,Si,1,1,0,0,1,0,0,0,0,0,350,"{'Espanyol', 'Anglès', 'Català'}"
141,29,4.75,Dona,1975,No,Si,Fluida,Si,Si,1,1,0,0,1,0,0,0,0,0,350,"{'Espanyol', 'Anglès', 'Català'}"
141,33,4.99,Dona,1975,No,Si,Fluida,Si,Si,1,1,0,0,1,0,0,0,0,0,350,"{'Espanyol', 'Anglès', 'Català'}"
141,57,4.7,Dona,1975,No,Si,Fluida,Si,Si,1,1,0,0,1,0,0,0,0,0,350,"{'Espanyol', 'Anglès', 'Català'}"
141,75,4.65,Dona,1975,No,Si,Fluida,Si,Si,1,1,0,0,1,0,0,0,0,0,350,"{'Espanyol', 'Anglès', 'Català'}"
142,0,4.75,Home,2001,Si,No,Fluida,Si,Si,0,0,0,0,0,0,0,0,1,0,250,"{'Anglès', 'Català', 'Francès'}"
142,15,4.65,Home,2001,Si,No,Fluida,Si,Si,0,0,0,0,0,0,0,0,1,0,250,"{'Anglès', 'Català', 'Francès'}"
142,52,4.5,Home,2001,Si,No,Fluida,Si,Si,0,0,0,0,0,0,0,0,1,0,250,"{'Anglès', 'Català', 'Francès'}"
142,78,4.65,Home,2001,Si,No,Fluida,Si,Si,0,0,0,0,0,0,0,0,1,0,250,"{'Anglès', 'Català', 'Francès'}"
142,96,4.5,Home,2001,Si,No,Fluida,Si,Si,0,0,0,0,0,0,0,0,1,0,250,"{'Anglès', 'Català', 'Francès'}"
143,0,4.75,Dona,1988,Si,Si,Fluida,No,Si,0,1,0,1,0,0,1,1,0,0,350,"{'Francès'}"
143,1,4.85,Dona,1988,Si,Si,Fluida,No,Si,0,1,0,1,0,0,1,1,0,0,350,"{'Francès'}"
143,67,4.65,Dona,1988,Si,Si,Fluida,No,Si,0,1,0,1,0,0,1,1,0,0,350,"{'Francès'}"
143,76,4.75,Dona,1988,Si,Si,Fluida,No,Si,0,1,0,1,0,0,1,1,0,0,350,"{'Francès'}"
143,82,4.8,Dona,1988,Si,Si,Fluida,No,Si,0,1,0,1,0,0,1,1,0,0,350,"{'Francès'}"
144,19,4.85,Home,1972,Si,No,Fluida,No,Si,0,0,1,0,0,0,1,1,0,0,250,"{'Anglès', 'Català'}"
144,37,4.6,Home,1972,Si,No,Fluida,No,Si,0,0,1,0,0,0,1,1,0,0,250,"{'Anglès', 'Català'}"
144,53,4.75,Home,1972,Si,No,Fluida,No,Si,0,0,1,0,0,0,1,1,0,0,250,"{'Anglès', 'Català'}"
144,76,4.75,Home,1972,Si,No,Fluida,No,Si,0,0,1,0,0,0,1,1,0,0,250,"{'Anglès', 'Català'}"
144,94,4.5,Home,1972,Si,No,Fluida,No,Si,0,0,1,0,0,0,1,1,0,0,250,"{'Anglès', 'Català'}"
145,25,4.7,Dona,1977,Si,Si,Fluida,Si,No,1,1,0,0,1,0,1,0,0,0,150,"{'Català'}"
145,37,4.6,Dona,1977,Si,Si,Fluida,Si,No,1,1,0,0,1,0,1,0,0,0,150,"{'Català'}"
145,61,4.4,Dona,1977,Si,Si,Fluida,Si,No,1,1,0,0,1,0,1,0,0,0,150,"{'Català'}"
145,75,4.65,Dona,1977,Si,Si,Fluida,Si,No,1,1,0,0,1,0,1,0,0,0,150,"{'Català'}"
145,95,4.55,Dona,1977,Si,Si,Fluida,Si,No,1,1,0,0,1,0,1,0,0,0,150,"{'Català'}"
146,29,4.75,Home,1989,No,Si,Fluida,Si,Si,1,0,0,0,1,1,0,0,0,1,250,"{'Anglès', 'Espanyol'}"
146,48,4.9,Home,1989,No,Si,Fluida,Si,Si,1,0,0,0,1,1,0,0,0,1,250,"{'Anglès', 'Espanyol'}"
146,53,4.75,Home,1989,No,Si,Fluida,Si,Si,1,0,0,0,1,1,0,0,0,1,250,"{'Anglès', 'Espanyol'}"
146,86,4.75,Home,1989,No,Si,Fluida,Si,Si,1,0,0,0,1,1,0,0,0,1,250,"{'Anglès', 'Espanyol'}"
146,99,4.0,Home,1989,No,Si,Fluida,Si,Si,1,0,0,0,1,1,0,0,0,1,250,"{'Anglès', 'Espanyol'}"
147,30,4.7,Dona,1964,Si,Si,Fluida,No,No,1,0,0,1,1,0,0,0,1,0,100000000,"{'Espanyol', 'Anglès', 'Català'}"
147,49,5.0,Dona,1964,Si,Si,Fluida,No,No,1,0,0,1,1,0,0,0,1,0,100000000,"{'Espanyol', 'Anglès', 'Català'}"
147,65,4.5,Dona,1964,Si,Si,Fluida,No,No,1,0,0,1,1,0,0,0,1,0,100000000,"{'Espanyol', 'Anglès', 'Català'}"
147,78,4.65,Dona,1964,Si,Si,Fluida,No,No,1,0,0,1,1,0,0,0,1,0,100000000,"{'Espanyol', 'Anglès', 'Català'}"
147,89,4.5,Dona,1964,Si,Si,Fluida,No,No,1,0,0,1,1,0,0,0,1,0,100000000,"{'Espanyol', 'Anglès', 'Català'}"
148,2,4.7,Home,1998,Si,No,Fluida,No,No,1,0,0,1,1,1,1,0,1,1,150,"{'Català'}"
148,38,4.6,Home,1998,Si,No,Fluida,No,No,1,0,0,1,1,1,1,0,1,1,150,"{'Català'}"
148,48,4.9,Home,1998,Si,No,Fluida,No,No,1,0,0,1,1,1,1,0,1,1,150,"{'Català'}"
148,74,4.75,Home,1998,Si,No,Fluida,No,No,1,0,0,1,1,1,1,0,1,1,150,"{'Català'}"
148,75,4.65,Home,1998,Si,No,Fluida,No,No,1,0,0,1,1,1,1,0,1,1,150,"{'Català'}"
149,4,4.0,Dona,1952,Si,No,Fluida,Si,No,0,0,1,1,0,0,1,0,1,1,100000000,"{'Espanyol', 'Anglès'}"
149,5,4.85,Dona,1952,Si,No,Fluida,Si,No,0,0,1,1,0,0,1,0,1,1,100000000,"{'Espanyol', 'Anglès'}"
149,34,5.0,Dona,1952,Si,No,Fluida,Si,No,0,0,1,1,0,0,1,0,1,1,100000000,"{'Espanyol', 'Anglès'}"
149,55,2.0,Dona,1952,Si,No,Fluida,Si,No,0,0,1,1,0,0,1,0,1,1,100000000,"{'Espanyol', 'Anglès'}"
149,69,4.6,Dona,1952,Si,No,Fluida,Si,No,0,0,1,1,0,0,1,0,1,1,100000000,"{'Espanyol', 'Anglès'}"
150,33,3.0,Home,1992,No,No,Fluida,No,Si,0,0,1,1,1,0,0,1,1,0,150,"{'Anglès', 'Català', 'Alemany'}"
150,35,4.85,Home,1992,No,No,Fluida,No,Si,0,0,1,1,1,0,0,1,1,0,150,"{'Anglès', 'Català', 'Alemany'}"
150,63,4.0,Home,1992,No,No,Fluida,No,Si,0,0,1,1,1,0,0,1,1,0,150,"{'Anglès', 'Català', 'Alemany'}"
150,81,5.0,Home,1992,No,No,Fluida,No,Si,0,0,1,1,1,0,0,1,1,0,150,"{'Anglès', 'Català', 'Alemany'}"
150,92,3.0,Home,1992,No,No,Fluida,No,Si,0,0,1,1,1,0,0,1,1,0,150,"{'Anglès', 'Català', 'Alemany'}"
151,2,3.0,Dona,1971,Si,No,Fluida,No,No,0,0,0,0,1,0,0,1,1,0,150,"{'Espanyol', 'Català', 'Francès'}"
151,16,3.0,Dona,1971,Si,No,Fluida,No,No,0,0,0,0,1,0,0,1,1,0,150,"{'Espanyol', 'Català', 'Francès'}"
151,32,5.0,Dona,1971,Si,No,Fluida,No,No,0,0,0,0,1,0,0,1,1,0,150,"{'Espanyol', 'Català', 'Francès'}"
151,45,4.0,Dona,1971,Si,No,Fluida,No,No,0,0,0,0,1,0,0,1,1,0,150,"{'Espanyol', 'Català', 'Francès'}"
151,57,4.0,Dona,1971,Si,No,Fluida,No,No,0,0,0,0,1,0,0,1,1,0,150,"{'Espanyol', 'Català', 'Francès'}"